Date,max_temp,min_temp,avg_temp,departure,HDD,CDD,precipitation,new snow,snow depth
01/01/2018,61,48,54.5,2.9,10,0,0,,
02/01/2018,61,52,56.5,4.8,8,0,0,,
03/01/2018,58,53,55.5,3.8,9,0,0.09,,
04/01/2018,63,53,58,6.3,7,0,0.06,,
05/01/2018,61,52,56.5,4.8,8,0,0.26,,
06/01/2018,59,50,54.5,2.8,10,0,0,,
07/01/2018,52,48,50,-1.7,15,0,0,,
08/01/2018,58,51,54.5,2.7,10,0,3.15,,
09/01/2018,59,51,55,3.2,10,0,0.32,,
10/01/2018,56,50,53,1.2,12,0,0.04,,
11/01/2018,60,52,56,4.1,9,0,0,,
12/01/2018,59,50,54.5,2.6,10,0,0,,
13/01/2018,63,47,55,3,10,0,0,,
14/01/2018,58,49,53.5,1.5,11,0,0,,
15/01/2018,62,49,55.5,3.5,9,0,0,,
16/01/2018,60,54,57,4.9,8,0,0.02,,
17/01/2018,59,53,56,3.8,9,0,0,,
18/01/2018,56,50,53,0.8,12,0,0.43,,
19/01/2018,57,48,52.5,0.2,12,0,0.02,,
20/01/2018,57,43,50,-2.3,15,0,0,,
21/01/2018,57,45,51,-1.4,14,0,0.02,,
22/01/2018,58,50,54,1.5,11,0,0.3,,
23/01/2018,58,46,52,-0.5,13,0,0,,
24/01/2018,58,48,53,0.4,12,0,0.42,,
25/01/2018,58,46,52,-0.7,13,0,0.08,,
26/01/2018,56,45,50.5,-2.2,14,0,0,,
27/01/2018,60,45,52.5,-0.3,12,0,0,,
28/01/2018,66,47,56.5,3.6,8,0,0,,
29/01/2018,63,52,57.5,4.5,7,0,0,,
30/01/2018,65,50,57.5,4.5,7,0,0,,
31/01/2018,67,50,58.5,5.4,6,0,0,,
01/02/2018,73,51,62,9.7,3,0,0,0,0
02/02/2018,73,51,62,9.6,3,0,0,0,0
03/02/2018,76,50,63,10.5,2,0,0,0,0
04/02/2018,75,51,63,10.5,2,0,0,0,0
05/02/2018,72,53,62.5,9.9,2,0,0,0,0
06/02/2018,75,52,63.5,10.8,1,0,0,0,0
07/02/2018,72,51,61.5,8.7,3,0,0,0,0
08/02/2018,74,51,62.5,9.6,2,0,0,0,0
09/02/2018,74,51,62.5,9.5,2,0,0,0,0
10/02/2018,65,53,59,5.9,6,0,0,0,0
11/02/2018,63,44,53.5,0.3,11,0,0,0,0
12/02/2018,59,47,53,-0.2,12,0,0,0,0
13/02/2018,63,49,56,2.7,9,0,0,0,0
14/02/2018,60,45,52.5,-0.9,12,0,0,0,0
15/02/2018,64,44,54,0.5,11,0,0,0,0
16/02/2018,65,42,53.5,-0.1,11,0,0,0,0
17/02/2018,67,45,56,2.3,9,0,0,0,0
18/02/2018,58,45,51.5,-2.3,13,0,0.02,M,0
19/02/2018,53,43,48,-5.9,17,0,0,0,0
20/02/2018,53,36,44.5,-9.4,20,0,0,0,0
21/02/2018,56,42,49,-5,16,0,0,0,0
22/02/2018,55,45,50,-4.1,15,0,0.02,0,0
23/02/2018,54,39,46.5,-7.7,18,0,0,0,0
24/02/2018,57,39,48,-6.3,17,0,0,0,0
25/02/2018,59,40,49.5,-4.8,15,0,0,0,0
26/02/2018,54,45,49.5,-4.9,15,0,0.19,M,0
27/02/2018,58,44,51,-3.5,14,0,0,0,0
28/02/2018,56,41,48.5,-6.1,16,0,0.16,M,0
01/03/2018,59,48,53.5,-1.1,11,0,1.04,M,0
02/03/2018,56,45,50.5,-4.2,14,0,0.18,M,0
03/03/2018,53,42,47.5,-7.3,17,0,0.05,0,0
04/03/2018,55,40,47.5,-7.3,17,0,0,0,0
05/03/2018,61,41,51,-3.9,14,0,0,0,0
06/03/2018,65,45,55,0,10,0,0,0,0
07/03/2018,70,52,61,6,4,0,0.01,0,0
08/03/2018,65,50,57.5,2.4,7,0,0.01,0,0
09/03/2018,65,49,57,1.9,8,0,0,0,0
10/03/2018,57,49,53,-2.2,12,0,0,0,0
11/03/2018,67,46,56.5,1.3,8,0,0,0,0
12/03/2018,70,50,60,4.7,5,0,0.11,0,0
13/03/2018,62,51,56.5,1.1,8,0,0.26,0,0
14/03/2018,59,49,54,-1.4,11,0,0.08,M,0
15/03/2018,59,44,51.5,-4,13,0,0.14,M,0
16/03/2018,56,47,51.5,-4,13,0,0.15,M,0
17/03/2018,56,46,51,-4.6,14,0,T,M,0
18/03/2018,56,41,48.5,-7.1,16,0,0,0,0
19/03/2018,62,44,53,-2.7,12,0,0,0,0
20/03/2018,58,53,55.5,-0.2,9,0,0.42,0,0
21/03/2018,65,55,60,4.2,5,0,0.13,0,0
22/03/2018,61,49,55,-0.8,10,0,0.55,0,0
23/03/2018,59,46,52.5,-3.4,12,0,0,0,0
24/03/2018,57,48,52.5,-3.4,12,0,0.13,0,0
25/03/2018,57,45,51,-5,14,0,0.06,0,0
26/03/2018,62,45,53.5,-2.5,11,0,0,0,0
27/03/2018,72,49,60.5,4.4,4,0,0,0,0
28/03/2018,77,51,64,7.9,1,0,0,0,0
29/03/2018,81,52,66.5,10.3,0,2,0,0,0
30/03/2018,79,55,67,10.8,0,2,0,0,0
31/03/2018,64,51,57.5,1.2,7,0,0,0,0
01/04/2018,67,50,58.5,2.1,6,0,0,0,0
02/04/2018,63,51,57,0.6,8,0,0,0,0
03/04/2018,65,48,56.5,0,8,0,0,0,0
04/04/2018,63,52,57.5,1,7,0,0,0,0
05/04/2018,63,52,57.5,0.9,7,0,0.11,0,0
06/04/2018,64,57,60.5,3.8,4,0,1.11,0,0
07/04/2018,64,53,58.5,1.8,6,0,0.64,0,0
08/04/2018,64,52,58,1.2,7,0,0,0,0
09/04/2018,75,50,62.5,5.6,2,0,0,0,0
10/04/2018,65,53,59,2.1,6,0,T,0,0
11/04/2018,65,51,58,1,7,0,0.22,0,0
12/04/2018,63,48,55.5,-1.6,9,0,0,0,0
13/04/2018,66,46,56,-1.1,9,0,0,0,0
14/04/2018,71,51,61,3.8,4,0,0,0,0
15/04/2018,64,50,57,-0.3,8,0,0.05,0,0
16/04/2018,57,48,52.5,-4.8,12,0,0.11,M,0
17/04/2018,63,45,54,-3.4,11,0,0,0,0
18/04/2018,60,51,55.5,-2,9,0,0,0,0
19/04/2018,63,48,55.5,-2.1,9,0,0,0,0
20/04/2018,67,49,58,0.3,7,0,0,0,0
21/04/2018,75,50,62.5,4.8,2,0,0,0,0
22/04/2018,76,49,62.5,4.7,2,0,0,0,0
23/04/2018,74,52,63,5.1,2,0,0,0,0
24/04/2018,66,53,59.5,1.5,5,0,0,0,0
25/04/2018,65,51,58,-0.1,7,0,0,0,0
26/04/2018,63,52,57.5,-0.6,7,0,0,0,0
27/04/2018,67,54,60.5,2.3,4,0,0,0,0
28/04/2018,66,55,60.5,2.2,4,0,T,0,0
29/04/2018,64,54,59,0.6,6,0,T,0,0
30/04/2018,63,52,57.5,-1,7,0,0,0,0
01/05/2018,67,50,58.5,-0.1,6,0,0,0,0
02/05/2018,67,52,59.5,0.8,5,0,0,0,0
03/05/2018,66,52,59,0.2,6,0,0,0,0
04/05/2018,69,52,60.5,1.7,4,0,0,0,0
05/05/2018,61,53,57,-1.9,8,0,0,0,0
06/05/2018,65,53,59,0,6,0,0,0,0
07/05/2018,71,54,62.5,3.4,2,0,0,0,0
08/05/2018,70,54,62,2.8,3,0,0,0,0
09/05/2018,67,56,61.5,2.2,3,0,0,0,0
10/05/2018,66,52,59,-0.4,6,0,0,0,0
11/05/2018,75,51,63,3.5,2,0,0,0,0
12/05/2018,76,57,66.5,6.9,0,2,0,0,0
13/05/2018,67,55,61,1.3,4,0,0,0,0
14/05/2018,65,54,59.5,-0.3,5,0,0,0,0
15/05/2018,67,56,61.5,1.6,3,0,0,0,0
16/05/2018,68,54,61,1.1,4,0,0,0,0
17/05/2018,65,55,60,0,5,0,0,0,0
18/05/2018,64,55,59.5,-0.6,5,0,T,0,0
19/05/2018,63,55,59,-1.2,6,0,0,0,0
20/05/2018,62,54,58,-2.3,7,0,0,0,0
21/05/2018,67,52,59.5,-0.9,5,0,0,0,0
22/05/2018,61,54,57.5,-3,7,0,0,0,0
23/05/2018,63,55,59,-1.6,6,0,0,0,0
24/05/2018,64,55,59.5,-1.2,5,0,T,0,0
25/05/2018,65,55,60,-0.8,5,0,0.01,0,0
26/05/2018,66,55,60.5,-0.4,4,0,T,0,0
27/05/2018,74,53,63.5,2.5,1,0,0,0,0
28/05/2018,84,56,70,8.9,0,5,0,0,0
29/05/2018,71,56,63.5,2.3,1,0,0,0,0
30/05/2018,62,54,58,-3.2,7,0,0,0,0
31/05/2018,64,53,58.5,-2.8,6,0,0,0,0
01/06/2018,75,51,63,1.6,2,0,0,0,0
02/06/2018,85,55,70,8.5,0,5,0,0,0
03/06/2018,75,56,65.5,3.9,0,1,0,0,0
04/06/2018,67,56,61.5,-0.2,3,0,0,0,0
05/06/2018,65,54,59.5,-2.3,5,0,0,0,0
06/06/2018,65,54,59.5,-2.4,5,0,0,0,0
07/06/2018,66,55,60.5,-1.5,4,0,0,0,0
08/06/2018,70,52,61,-1,4,0,0,0,0
09/06/2018,67,55,61,-1.1,4,0,0,0,0
10/06/2018,68,53,60.5,-1.7,4,0,0,0,0
11/06/2018,71,56,63.5,1.2,1,0,0,0,0
12/06/2018,76,57,66.5,4.1,0,2,0,0,0
13/06/2018,76,56,66,3.6,0,1,0,0,0
14/06/2018,77,57,67,4.5,0,2,0,0,0
15/06/2018,66,56,61,-1.6,4,0,0,0,0
16/06/2018,71,56,63.5,0.9,1,0,0,0,0
17/06/2018,72,57,64.5,1.8,0,0,0,0,0
18/06/2018,71,56,63.5,0.7,1,0,0,0,0
19/06/2018,67,56,61.5,-1.4,3,0,0,0,0
20/06/2018,65,55,60,-2.9,5,0,0,0,0
21/06/2018,69,54,61.5,-1.5,3,0,0,0,0
22/06/2018,M,M,M,M,M,M,0,0,0
23/06/2018,M,M,M,M,M,M,0,0,0
24/06/2018,M,M,M,M,M,M,0,0,0
25/06/2018,M,M,M,M,M,M,0,0,0
26/06/2018,M,M,M,M,M,M,0,0,0
27/06/2018,M,M,M,M,M,M,0,0,0
28/06/2018,M,M,M,M,M,M,0,0,0
29/06/2018,M,M,M,M,M,M,0,0,0
30/06/2018,M,M,M,M,M,M,0,0,0
01/07/2018,M,M,M,M,M,M,0,0,0
02/07/2018,M,M,M,M,M,M,0,0,0
03/07/2018,M,M,M,M,M,M,0,0,0
04/07/2018,M,M,M,M,M,M,0,0,0
05/07/2018,M,M,M,M,M,M,0,0,0
06/07/2018,M,M,M,M,M,M,0,0,0
07/07/2018,M,M,M,M,M,M,0,0,0
08/07/2018,M,M,M,M,M,M,0,0,0
09/07/2018,M,M,M,M,M,M,0,0,0
10/07/2018,M,M,M,M,M,M,0,0,0
11/07/2018,M,M,M,M,M,M,0,0,0
12/07/2018,75,57,66,2.1,0,1,0,0,0
13/07/2018,71,58,64.5,0.6,0,0,T,0,0
14/07/2018,71,55,63,-0.9,2,0,0,0,0
15/07/2018,69,55,62,-1.9,3,0,0,0,0
16/07/2018,69,55,62,-2,3,0,0,0,0
17/07/2018,67,55,61,-3,4,0,0,0,0
18/07/2018,71,55,63,-1,2,0,0,0,0
19/07/2018,72,55,63.5,-0.5,1,0,0,0,0
20/07/2018,83,56,69.5,5.4,0,5,0,0,0
21/07/2018,75,59,67,2.9,0,2,0,0,0
22/07/2018,72,58,65,0.9,0,0,0,0,0
23/07/2018,70,55,62.5,-1.6,2,0,0,0,0
24/07/2018,67,55,61,-3.2,4,0,0,0,0
25/07/2018,70,55,62.5,-1.7,2,0,0,0,0
26/07/2018,69,55,62,-2.2,3,0,0,0,0
27/07/2018,65,55,60,-4.2,5,0,0,0,0
28/07/2018,66,53,59.5,-4.8,5,0,0,0,0
29/07/2018,66,52,59,-5.3,6,0,0,0,0
30/07/2018,66,53,59.5,-4.8,5,0,0,0,0
31/07/2018,65,52,58.5,-5.9,6,0,0,0,0
01/08/2018,66,52,59,-5.4,6,0,0,0,0
02/08/2018,68,52,60,-4.4,5,0,0,0,0
03/08/2018,72,52,62,-2.5,3,0,0,0,0
04/08/2018,73,55,64,-0.5,1,0,0,0,0
05/08/2018,68,55,61.5,-3,3,0,0,0,0
06/08/2018,73,50,61.5,-3.1,3,0,0,0,0
07/08/2018,64,52,58,-6.6,7,0,0,0,0
08/08/2018,70,53,61.5,-3.1,3,0,0,0,0
09/08/2018,79,52,65.5,0.8,0,1,0,0,0
10/08/2018,71,52,61.5,-3.2,3,0,0,0,0
11/08/2018,74,58,66,1.3,0,1,0,0,0
12/08/2018,72,58,65,0.2,0,0,0,0,0
13/08/2018,67,55,61,-3.8,4,0,0,0,0
14/08/2018,66,55,60.5,-4.3,4,0,0,0,0
15/08/2018,71,59,65,0.1,0,0,0,0,0
16/08/2018,71,58,64.5,-0.4,0,0,0,0,0
17/08/2018,71,55,63,-1.9,2,0,0,0,0
18/08/2018,71,52,61.5,-3.5,3,0,0,0,0
19/08/2018,68,52,60,-5,5,0,0,0,0
20/08/2018,72,55,63.5,-1.6,1,0,0,0,0
21/08/2018,67,55,61,-4.1,4,0,0,0,0
22/08/2018,72,61,66.5,1.4,0,2,0,0,0
23/08/2018,70,61,65.5,0.3,0,1,0,0,0
24/08/2018,71,56,63.5,-1.7,1,0,0,0,0
25/08/2018,71,55,63,-2.2,2,0,0,0,0
26/08/2018,72,55,63.5,-1.7,1,0,0,0,0
27/08/2018,71,56,63.5,-1.8,1,0,0,0,0
28/08/2018,68,58,63,-2.3,2,0,0,0,0
29/08/2018,74,58,66,0.7,0,1,0,0,0
30/08/2018,71,58,64.5,-0.9,0,0,0,0,0
31/08/2018,71,56,63.5,-1.9,1,0,0,0,0
01/09/2018,68,55,61.5,-3.9,3,0,0,0,0
02/09/2018,69,53,61,-4.4,4,0,0,0,0
03/09/2018,70,55,62.5,-2.9,2,0,0,0,0
04/09/2018,70,56,63,-2.5,2,0,0,0,0
05/09/2018,71,55,63,-2.5,2,0,0,0,0
06/09/2018,64,55,59.5,-6,5,0,0,0,0
07/09/2018,72,53,62.5,-3,2,0,0,0,0
08/09/2018,73,55,64,-1.5,1,0,0,0,0
09/09/2018,73,52,62.5,-3,2,0,0,0,0
10/09/2018,77,53,65,-0.5,0,0,0,0,0
11/09/2018,70,55,62.5,-3,2,0,0,0,0
12/09/2018,67,55,61,-4.5,4,0,0,0,0
13/09/2018,68,55,61.5,-4,3,0,0,0,0
14/09/2018,71,55,63,-2.5,2,0,0,0,0
15/09/2018,65,55,60,-5.5,5,0,0,0,0
16/09/2018,70,55,62.5,-3,2,0,0,0,0
17/09/2018,66,56,61,-4.4,4,0,0,0,0
18/09/2018,67,54,60.5,-4.9,4,0,0,0,0
19/09/2018,75,51,63,-2.4,2,0,0,0,0
20/09/2018,85,53,69,3.6,0,4,0,0,0
21/09/2018,74,52,63,-2.3,2,0,0,0,0
22/09/2018,66,52,59,-6.3,6,0,0,0,0
23/09/2018,69,52,60.5,-4.8,4,0,0,0,0
24/09/2018,73,49,61,-4.2,4,0,0,0,0
25/09/2018,67,52,59.5,-5.7,5,0,0,0,0
26/09/2018,73,52,62.5,-2.6,2,0,0,0,0
27/09/2018,64,51,57.5,-7.6,7,0,0,0,0
28/09/2018,68,53,60.5,-4.5,4,0,0,0,0
29/09/2018,70,58,64,-0.9,1,0,0,0,0
30/09/2018,75,60,67.5,2.6,0,3,0,0,0
01/10/2018,73,58,65.5,0.7,0,1,0,0,0
02/10/2018,74,61,67.5,2.8,0,3,0.16,0,0
03/10/2018,74,61,67.5,2.9,0,3,0,0,0
04/10/2018,71,58,64.5,-0.1,0,0,0,0,0
05/10/2018,71,55,63,-1.5,2,0,0,0,0
06/10/2018,72,58,65,0.6,0,0,0,0,0
07/10/2018,78,58,68,3.7,0,3,0,0,0
08/10/2018,79,58,68.5,4.3,0,4,0,0,0
09/10/2018,76,55,65.5,1.5,0,1,0,0,0
10/10/2018,68,52,60,-3.9,5,0,0,0,0
11/10/2018,70,54,62,-1.8,3,0,0,0,0
12/10/2018,79,52,65.5,1.8,0,1,0,0,0
13/10/2018,78,53,65.5,2,0,1,0,0,0
14/10/2018,72,52,62,-1.4,3,0,0,0,0
15/10/2018,81,55,68,4.8,0,3,0,0,0
16/10/2018,73,51,62,-1.1,3,0,0,0,0
17/10/2018,69,49,59,-3.9,6,0,0,0,0
18/10/2018,69,49,59,-3.7,6,0,0,0,0
19/10/2018,74,49,61.5,-1.1,3,0,0,0,0
20/10/2018,67,50,58.5,-3.9,6,0,0,0,0
21/10/2018,68,49,58.5,-3.7,6,0,0,0,0
22/10/2018,64,52,58,-4,7,0,0,0,0
23/10/2018,65,49,57,-4.8,8,0,0,0,0
24/10/2018,71,50,60.5,-1.1,4,0,0,0,0
25/10/2018,72,53,62.5,1.1,2,0,0,0,0
26/10/2018,73,55,64,2.8,1,0,0,0,0
27/10/2018,70,54,62,1,3,0,0,0,0
28/10/2018,72,55,63.5,2.7,1,0,0,0,0
29/10/2018,67,52,59.5,-1.1,5,0,0,0,0
30/10/2018,68,49,58.5,-1.8,6,0,0,0,0
31/10/2018,76,50,63,2.9,2,0,0,0,0
01/11/2018,82,55,68.5,8.6,0,4,0,0,0
02/11/2018,75,51,63,3.4,2,0,0,0,0
03/11/2018,79,53,66,6.6,0,1,0,0,0
04/11/2018,65,52,58.5,-0.7,6,0,0,0,0
05/11/2018,73,50,61.5,2.6,3,0,0,0,0
06/11/2018,70,47,58.5,-0.2,6,0,0,0,0
07/11/2018,73,47,60,1.6,5,0,0,0,0
08/11/2018,68,49,58.5,0.3,6,0,0,0,0
09/11/2018,68,50,59,1.1,6,0,0,0,0
10/11/2018,62,44,53,-4.7,12,0,0,0,0
11/11/2018,67,42,54.5,-2.9,10,0,0,0,0
12/11/2018,67,44,55.5,-1.7,9,0,0,0,0
13/11/2018,61,46,53.5,-3.4,11,0,0,0,0
14/11/2018,65,44,54.5,-2.2,10,0,0,0,0
15/11/2018,62,44,53,-3.4,12,0,0,0,0
16/11/2018,62,44,53,-3.2,12,0,0,0,0
17/11/2018,61,44,52.5,-3.5,12,0,0,0,0
18/11/2018,57,44,50.5,-5.2,14,0,0,0,0
19/11/2018,62,44,53,-2.5,12,0,0,0,0
20/11/2018,61,44,52.5,-2.8,12,0,0,0,0
21/11/2018,60,55,57.5,2.5,7,0,0.76,0,0
22/11/2018,63,50,56.5,1.7,8,0,0.54,0,0
23/11/2018,62,55,58.5,3.9,6,0,0.29,0,0
24/11/2018,61,52,56.5,2.1,8,0,T,0,0
25/11/2018,62,48,55,0.8,10,0,0,0,0
26/11/2018,62,48,55,1,10,0,0,0,0
27/11/2018,60,49,54.5,0.7,10,0,0.06,M,0
28/11/2018,64,56,60,6.4,5,0,1,0,0
29/11/2018,60,55,57.5,4.1,7,0,0.42,0,0
30/11/2018,60,50,55,1.8,10,0,0,0,0
01/12/2018,59,49,54,1,11,0,0.09,0,0
02/12/2018,55,42,48.5,-4.3,16,0,0,0,0
03/12/2018,56,47,51.5,-1.2,13,0,0,0,0
04/12/2018,55,49,52,-0.5,13,0,0.08,M,0
05/12/2018,55,49,52,-0.4,13,0,0.31,M,0
06/12/2018,60,49,54.5,2.3,10,0,0.01,M,0
07/12/2018,60,44,52,-0.1,13,0,0,0,0
08/12/2018,60,44,52,0,13,0,0,0,0
09/12/2018,55,44,49.5,-2.3,15,0,0,0,0
10/12/2018,58,46,52,0.3,13,0,0.02,M,0
11/12/2018,56,44,50,-1.6,15,0,0,0,0
12/12/2018,62,47,54.5,3,10,0,0,0,0
13/12/2018,61,44,52.5,1.1,12,0,0,0,M
14/12/2018,62,47,54.5,3.2,10,0,0.01,M,0
15/12/2018,62,52,57,5.8,8,0,0,0,0
16/12/2018,61,52,56.5,5.3,8,0,0.58,0,0
17/12/2018,60,50,55,3.9,10,0,0.02,0,0
18/12/2018,59,47,53,2,12,0,0,0,0
19/12/2018,60,50,55,4,10,0,0,0,0
20/12/2018,55,47,51,0.1,14,0,0,0,0
21/12/2018,58,47,52.5,1.6,12,0,0.09,0,0
22/12/2018,56,44,50,-0.8,15,0,0,0,0
23/12/2018,56,48,52,1.2,13,0,0.02,0,0
24/12/2018,60,50,55,4.3,10,0,0.42,0,0
25/12/2018,59,47,53,2.3,12,0,0,0,0
26/12/2018,59,45,52,1.3,13,0,0,0,0
27/12/2018,59,47,53,2.3,12,0,0,0,0
28/12/2018,58,44,51,0.3,14,0,0,0,0
29/12/2018,60,41,50.5,-0.2,14,0,0,0,0
30/12/2018,59,45,52,1.3,13,0,0,0,0
31/12/2018,55,44,49.5,-1.2,15,0,0,0,0
01/01/2019,55,44,49.5,-1.2,15,0,0,0,0
02/01/2019,54,38,46,-4.7,19,0,0,0,0
03/01/2019,54,39,46.5,-4.2,18,0,0,0,0
04/01/2019,63,39,51,0.3,14,0,0,0,0
05/01/2019,58,49,53.5,2.8,11,0,0.19,0,0
06/01/2019,61,47,54,3.3,11,0,1.64,M,0
07/01/2019,66,54,60,9.2,5,0,T,0,0
08/01/2019,62,52,57,6.2,8,0,T,0,0
09/01/2019,61,55,58,7.2,7,0,0.03,0,0
10/01/2019,66,50,58,7.1,7,0,0,0,0
11/01/2019,61,50,55.5,4.6,9,0,0.16,0,0
12/01/2019,62,56,59,8,6,0,0.01,0,0
13/01/2019,59,52,55.5,4.5,9,0,0,0,0
14/01/2019,57,48,52.5,1.5,12,0,T,M,0
15/01/2019,56,48,52,0.9,13,0,0.57,M,0
16/01/2019,63,52,57.5,6.4,7,0,1.16,0,0
17/01/2019,62,57,59.5,8.3,5,0,0.03,0,0
18/01/2019,64,55,59.5,8.2,5,0,0,0,0
19/01/2019,65,57,61,9.7,4,0,0,0,0
20/01/2019,58,53,55.5,4.1,9,0,0.25,0,0
21/01/2019,58,52,55,3.5,10,0,0.03,0,0
22/01/2019,60,43,51.5,0,13,0,0,0,0
23/01/2019,60,45,52.5,0.9,12,0,0,M,0
24/01/2019,65,44,54.5,2.8,10,0,0,0,0
25/01/2019,65,44,54.5,2.8,10,0,0,0,0
26/01/2019,62,47,54.5,2.7,10,0,0,0,0
27/01/2019,68,50,59,7.1,6,0,0,0,0
28/01/2019,64,50,57,5,8,0,0,0,0
29/01/2019,60,50,55,3,10,0,0.01,0,0
30/01/2019,60,49,54.5,2.4,10,0,0.14,0,0
31/01/2019,59,52,55.5,3.3,9,0,0.35,0,0
01/02/2019,59,51,55,2.7,10,0,0.13,0,0
02/02/2019,59,49,54,1.6,11,0,0.68,0,0
03/02/2019,56,49,52.5,0,12,0,0.14,M,0
04/02/2019,53,41,47,-5.5,18,0,0.62,M,0
05/02/2019,51,41,46,-6.6,19,0,0.1,M,0
06/02/2019,56,40,48,-4.7,17,0,0,0,0
07/02/2019,54,38,46,-6.8,19,0,0,0,0
08/02/2019,53,44,48.5,-4.4,16,0,0.47,M,0
09/02/2019,55,42,48.5,-4.5,16,0,0.35,M,0
10/02/2019,51,41,46,-7.1,19,0,0.23,M,0
11/02/2019,52,41,46.5,-6.7,18,0,0.01,0,0
12/02/2019,54,41,47.5,-5.7,17,0,0.26,0,0
13/02/2019,63,47,55,1.7,10,0,1.55,M,0
14/02/2019,65,49,57,3.6,8,0,0.94,0,0
15/02/2019,53,44,48.5,-5,16,0,0.17,M,0
16/02/2019,55,44,49.5,-4.1,15,0,0.16,M,0
17/02/2019,54,43,48.5,-5.2,16,0,0.2,0,0
18/02/2019,56,38,47,-6.8,18,0,0,0,0
19/02/2019,56,38,47,-6.9,18,0,0,0,0
20/02/2019,56,47,51.5,-2.4,13,0,0,0,0
21/02/2019,57,42,49.5,-4.5,15,0,0,0,0
22/02/2019,55,41,48,-6.1,17,0,0,0,0
23/02/2019,56,38,47,-7.2,18,0,0,0,0
24/02/2019,56,46,51,-3.3,14,0,0,0,0
25/02/2019,56,50,53,-1.3,12,0,T,0,0
26/02/2019,59,52,55.5,1.1,9,0,0.61,0,0
27/02/2019,59,50,54.5,0,10,0,0.57,0,0
28/02/2019,56,47,51.5,-3.1,13,0,0,0,0
01/03/2019,55,44,49.5,-5.1,15,0,0.05,0,0
02/03/2019,57,48,52.5,-2.2,12,0,0.91,0,0
03/03/2019,58,50,54,-0.8,11,0,0.01,0,0
04/03/2019,56,49,52.5,-2.3,12,0,0.01,0,0
05/03/2019,60,49,54.5,-0.4,10,0,0.32,M,0
06/03/2019,59,50,54.5,-0.5,10,0,1.07,0,0
07/03/2019,55,47,51,-4,14,0,0.08,0,0
08/03/2019,58,45,51.5,-3.6,13,0,T,M,0
09/03/2019,56,44,50,-5.1,15,0,0.22,M,0
10/03/2019,56,46,51,-4.2,14,0,0.25,0,0
11/03/2019,64,41,52.5,-2.7,12,0,0,0,0
12/03/2019,58,47,52.5,-2.8,12,0,0,0,0
13/03/2019,61,44,52.5,-2.9,12,0,0,0,0
14/03/2019,66,43,54.5,-0.9,10,0,0,0,0
15/03/2019,67,41,54,-1.5,11,0,0,0,0
16/03/2019,69,44,56.5,1,8,0,0,0,0
17/03/2019,71,47,59,3.4,6,0,0,0,0
18/03/2019,72,50,61,5.4,4,0,0,0,0
19/03/2019,69,49,59,3.3,6,0,T,M,0
20/03/2019,62,49,55.5,-0.2,9,0,0.56,M,0
21/03/2019,61,46,53.5,-2.3,11,0,0,0,0
22/03/2019,57,47,52,-3.8,13,0,0.21,M,0
23/03/2019,60,50,55,-0.9,10,0,0.2,0,0
24/03/2019,63,44,53.5,-2.4,11,0,0,0,0
25/03/2019,63,52,57.5,1.5,7,0,0.44,0,0
26/03/2019,64,49,56.5,0.5,8,0,0.06,0,0
27/03/2019,62,54,58,1.9,7,0,0.04,0,0
28/03/2019,63,52,57.5,1.4,7,0,0.04,0,0
29/03/2019,61,47,54,-2.2,11,0,0,0,0
30/03/2019,65,47,56,-0.2,9,0,0,0,0
31/03/2019,70,49,59.5,3.2,5,0,0,0,0
01/04/2019,65,50,57.5,1.1,7,0,0.03,0,0
02/04/2019,61,53,57,0.6,8,0,0.05,0,0
03/04/2019,60,52,56,-0.5,9,0,T,0,0
04/04/2019,62,52,57,0.5,8,0,0,0,0
05/04/2019,62,55,58.5,1.9,6,0,0.07,0,0
06/04/2019,67,55,61,4.3,4,0,T,0,0
07/04/2019,68,55,61.5,4.8,3,0,0,0,0
08/04/2019,71,55,63,6.2,2,0,0.02,0,0
09/04/2019,64,52,58,1.1,7,0,0,0,0
10/04/2019,65,49,57,0.1,8,0,0,0,0
11/04/2019,59,50,54.5,-2.5,10,0,0,0,0
12/04/2019,65,49,57,-0.1,8,0,0,0,0
13/04/2019,71,49,60,2.9,5,0,0,0,0
14/04/2019,60,49,54.5,-2.7,10,0,0,0,0
15/04/2019,61,49,55,-2.3,10,0,0.03,M,0
16/04/2019,64,50,57,-0.3,8,0,T,0,0
17/04/2019,70,49,59.5,2.1,5,0,0,0,0
18/04/2019,78,50,64,6.5,1,0,0,0,0
19/04/2019,67,49,58,0.4,7,0,0,0,0
20/04/2019,60,49,54.5,-3.2,10,0,0,0,0
21/04/2019,65,47,56,-1.7,9,0,0,0,0
22/04/2019,77,48,62.5,4.7,2,0,0,0,0
23/04/2019,88,53,70.5,12.6,0,6,0,0,0
24/04/2019,80,55,67.5,9.5,0,3,0,0,0
25/04/2019,64,52,58,-0.1,7,0,0,0,0
26/04/2019,70,50,60,1.9,5,0,0,0,0
27/04/2019,67,50,58.5,0.3,6,0,0,0,0
28/04/2019,66,49,57.5,-0.8,7,0,0,0,0
29/04/2019,66,51,58.5,0.1,6,0,0,0,0
30/04/2019,65,52,58.5,0,6,0,0,0,0
01/05/2019,71,49,60,1.4,5,0,0,0,0
02/05/2019,71,49,60,1.3,5,0,0,0,0
03/05/2019,66,49,57.5,-1.3,7,0,0,0,0
04/05/2019,64,49,56.5,-2.3,8,0,0,0,0
05/05/2019,65,49,57,-1.9,8,0,T,0,0
06/05/2019,62,53,57.5,-1.5,7,0,0,0,0
07/05/2019,65,52,58.5,-0.6,6,0,0,0,0
08/05/2019,67,53,60,0.8,5,0,0,0,0
09/05/2019,67,55,61,1.7,4,0,0,0,0
10/05/2019,69,54,61.5,2.1,3,0,0,0,0
11/05/2019,66,54,60,0.5,5,0,0,0,0
12/05/2019,64,54,59,-0.6,6,0,0,0,0
13/05/2019,65,52,58.5,-1.2,6,0,0,0,0
14/05/2019,66,55,60.5,0.7,4,0,0,0,0
15/05/2019,65,53,59,-0.9,6,0,0.47,0,0
16/05/2019,61,53,57,-2.9,8,0,0.29,0,0
17/05/2019,63,52,57.5,-2.5,7,0,0,0,0
18/05/2019,56,50,53,-7.1,12,0,0.84,0,0
19/05/2019,61,50,55.5,-4.7,9,0,0.28,0,0
20/05/2019,64,48,56,-4.3,9,0,0.02,M,0
21/05/2019,62,52,57,-3.4,8,0,0.1,0,0
22/05/2019,67,52,59.5,-1,5,0,0,0,0
23/05/2019,71,52,61.5,0.9,3,0,0,0,0
24/05/2019,71,53,62,1.3,3,0,0,0,0
25/05/2019,68,53,60.5,-0.3,4,0,T,0,0
26/05/2019,61,52,56.5,-4.4,8,0,T,0,0
27/05/2019,62,52,57,-4,8,0,0,0,0
28/05/2019,66,52,59,-2.1,6,0,0,0,0
29/05/2019,68,52,60,-1.2,5,0,0,0,0
30/05/2019,63,52,57.5,-3.7,7,0,0,0,0
31/05/2019,67,52,59.5,-1.8,5,0,0,0,0
01/06/2019,73,52,62.5,1.1,2,0,0,0,0
02/06/2019,71,55,63,1.5,2,0,0,0,0
03/06/2019,67,52,59.5,-2.1,5,0,0,0,0
04/06/2019,79,52,65.5,3.8,0,1,0,0,0
05/06/2019,71,55,63,1.2,2,0,0,0,0
06/06/2019,64,52,58,-3.9,7,0,0,0,0
07/06/2019,69,50,59.5,-2.5,5,0,0,0,0
08/06/2019,81,52,66.5,4.5,0,2,0,0,0
09/06/2019,92,61,76.5,14.4,0,12,0,0,0
10/06/2019,100,67,83.5,21.3,0,19,0,0,0
11/06/2019,98,67,82.5,20.2,0,18,0,0,0
12/06/2019,86,58,72,9.6,0,7,0,0,0
13/06/2019,74,55,64.5,2.1,0,0,0,0,0
14/06/2019,68,55,61.5,-1,3,0,0,0,0
15/06/2019,63,54,58.5,-4.1,6,0,0,0,0
16/06/2019,66,54,60,-2.6,5,0,0,0,0
17/06/2019,76,54,65,2.3,0,0,0,0,0
18/06/2019,70,58,64,1.2,1,0,0,0,0
19/06/2019,73,58,65.5,2.6,0,1,0,0,0
20/06/2019,74,56,65,2.1,0,0,0,0,0
21/06/2019,72,55,63.5,0.5,1,0,0,0,0
22/06/2019,81,54,67.5,4.5,0,3,0,0,0
23/06/2019,79,55,67,3.9,0,2,0,0,0
24/06/2019,74,55,64.5,1.3,0,0,0,0,0
25/06/2019,73,55,64,0.8,1,0,0,0,0
26/06/2019,70,56,63,-0.3,2,0,0,0,0
27/06/2019,71,58,64.5,1.2,0,0,0,0,0
28/06/2019,70,56,63,-0.4,2,0,0,0,0
29/06/2019,70,52,61,-2.4,4,0,0,0,0
30/06/2019,69,55,62,-1.4,3,0,0,0,0
01/07/2019,70,56,63,-0.5,2,0,0,0,0
02/07/2019,69,55,62,-1.5,3,0,0,0,0
03/07/2019,71,55,63,-0.6,2,0,0,0,0
04/07/2019,73,55,64,0.4,1,0,0,0,0
05/07/2019,72,55,63.5,-0.1,1,0,0,0,0
06/07/2019,70,55,62.5,-1.2,2,0,0,0,0
07/07/2019,70,55,62.5,-1.2,2,0,0,0,0
08/07/2019,64,56,60,-3.7,5,0,0,0,0
09/07/2019,71,58,64.5,0.7,0,0,0,0,0
10/07/2019,73,61,67,3.2,0,2,0,0,0
11/07/2019,71,58,64.5,0.7,0,0,0,0,0
12/07/2019,70,55,62.5,-1.4,2,0,0,0,0
13/07/2019,67,55,61,-2.9,4,0,0,0,0
14/07/2019,68,55,61.5,-2.4,3,0,0,0,0
15/07/2019,77,58,67.5,3.6,0,3,0,0,0
16/07/2019,77,58,67.5,3.5,0,3,0,0,0
17/07/2019,78,58,68,4,0,3,0,0,0
18/07/2019,78,58,68,4,0,3,0,0,0
19/07/2019,76,60,68,4,0,3,0,0,0
20/07/2019,74,58,66,1.9,0,1,0,0,0
21/07/2019,73,58,65.5,1.4,0,1,0,0,0
22/07/2019,74,57,65.5,1.4,0,1,0,0,0
23/07/2019,71,58,64.5,0.4,0,0,0,0,0
24/07/2019,83,55,69,4.8,0,4,0,0,0
25/07/2019,70,58,64,-0.2,1,0,0,0,0
26/07/2019,74,56,65,0.8,0,0,0,0,0
27/07/2019,79,56,67.5,3.3,0,3,0,0,0
28/07/2019,76,58,67,2.7,0,2,0,0,0
29/07/2019,70,58,64,-0.3,1,0,0,0,0
30/07/2019,71,58,64.5,0.2,0,0,0,0,0
31/07/2019,75,55,65,0.6,0,0,0,0,0
01/08/2019,71,58,64.5,0.1,0,0,0,0,0
02/08/2019,71,59,65,0.6,0,0,0,0,0
03/08/2019,73,58,65.5,1,0,1,0,0,0
04/08/2019,73,61,67,2.5,0,2,0,0,0
05/08/2019,76,58,67,2.5,0,2,0,0,0
06/08/2019,75,58,66.5,1.9,0,2,0,0,0
07/08/2019,70,59,64.5,-0.1,0,0,0,0,0
08/08/2019,72,59,65.5,0.9,0,1,0,0,0
09/08/2019,77,61,69,4.3,0,4,0,0,0
10/08/2019,76,61,68.5,3.8,0,4,0,0,0
11/08/2019,84,58,71,6.3,0,6,0,0,0
12/08/2019,86,59,72.5,7.7,0,8,0,0,0
13/08/2019,82,58,70,5.2,0,5,0,0,0
14/08/2019,94,61,77.5,12.7,0,13,0,0,0
15/08/2019,94,61,77.5,12.6,0,13,0,0,0
16/08/2019,80,59,69.5,4.6,0,5,0,0,0
17/08/2019,75,61,68,3.1,0,3,0,0,0
18/08/2019,75,61,68,3,0,3,0,0,0
19/08/2019,71,58,64.5,-0.5,0,0,0,0,0
20/08/2019,72,61,66.5,1.4,0,2,0,0,0
21/08/2019,79,61,70,4.9,0,5,0,0,0
22/08/2019,79,61,70,4.9,0,5,0,0,0
23/08/2019,79,58,68.5,3.3,0,4,0,0,0
24/08/2019,73,60,66.5,1.3,0,2,0,0,0
25/08/2019,73,58,65.5,0.3,0,1,0,0,0
26/08/2019,81,55,68,2.8,0,3,0,0,0
27/08/2019,74,58,66,0.7,0,1,0,0,0
28/08/2019,77,59,68,2.7,0,3,0,0,0
29/08/2019,78,63,70.5,5.2,0,6,0,0,0
30/08/2019,73,61,67,1.6,0,2,0,0,0
31/08/2019,84,61,72.5,7.1,0,8,0,0,0
01/09/2019,77,61,69,3.6,0,4,0,0,0
02/09/2019,72,62,67,1.6,0,2,0,0,0
03/09/2019,73,59,66,0.6,0,1,0,0,0
04/09/2019,74,58,66,0.5,0,1,0,0,0
05/09/2019,73,58,65.5,0,0,1,0,0,0
06/09/2019,71,60,65.5,0,0,1,0,0,0
07/09/2019,72,61,66.5,1,0,2,0,0,0
08/09/2019,72,59,65.5,0,0,1,0,0,0
09/09/2019,75,58,66.5,1,0,2,0,0,0
10/09/2019,72,58,65,-0.5,0,0,0,0,0
11/09/2019,81,57,69,3.5,0,4,0,0,0
12/09/2019,90,61,75.5,10,0,11,0,0,0
13/09/2019,94,61,77.5,12,0,13,0,0,0
14/09/2019,75,61,68,2.5,0,3,0,0,0
15/09/2019,73,59,66,0.5,0,1,0,0,0
16/09/2019,72,61,66.5,1,0,2,0.04,0,0
17/09/2019,77,57,67,1.6,0,2,0,0,0
18/09/2019,77,61,69,3.6,0,4,T,0,0
19/09/2019,77,58,67.5,2.1,0,3,0,0,0
20/09/2019,83,58,70.5,5.1,0,6,0,0,0
21/09/2019,85,61,73,7.7,0,8,0,0,0
22/09/2019,75,58,66.5,1.2,0,2,0,0,0
23/09/2019,82,58,70,4.7,0,5,0,0,0
24/09/2019,94,61,77.5,12.3,0,13,0,0,0
25/09/2019,96,67,81.5,16.3,0,17,0,0,0
26/09/2019,79,64,71.5,6.4,0,7,0,0,0
27/09/2019,70,58,64,-1.1,1,0,0,0,0
28/09/2019,67,55,61,-4,4,0,0,0,0
29/09/2019,68,52,60,-4.9,5,0,0,0,0
30/09/2019,66,52,59,-5.9,6,0,0.02,0,0
01/10/2019,69,50,59.5,-5.3,5,0,0,0,0
02/10/2019,76,50,63,-1.7,2,0,0,0,0
03/10/2019,68,52,60,-4.6,5,0,0,0,0
04/10/2019,73,52,62.5,-2.1,2,0,0,0,0
05/10/2019,80,52,66,1.5,0,1,0,0,0
06/10/2019,87,55,71,6.6,0,6,0,0,0
07/10/2019,84,55,69.5,5.2,0,5,0,0,0
08/10/2019,77,56,66.5,2.3,0,2,0,0,0
09/10/2019,72,53,62.5,-1.5,2,0,0,0,0
10/10/2019,74,58,66,2.1,0,1,0,0,0
11/10/2019,79,52,65.5,1.7,0,1,0,0,0
12/10/2019,75,52,63.5,-0.2,1,0,0,0,0
13/10/2019,73,52,62.5,-1,2,0,0,0,0
14/10/2019,70,49,59.5,-3.9,5,0,0,0,0
15/10/2019,65,49,57,-6.2,8,0,0,0,0
16/10/2019,68,52,60,-3.1,5,0,0,0,0
17/10/2019,68,55,61.5,-1.4,3,0,0,0,0
18/10/2019,68,55,61.5,-1.2,3,0,0,0,0
19/10/2019,71,54,62.5,-0.1,2,0,0,0,0
20/10/2019,72,52,62,-0.4,3,0,0,0,0
21/10/2019,82,53,67.5,5.3,0,3,0,0,0
22/10/2019,87,57,72,10,0,7,0,0,0
23/10/2019,85,55,70,8.2,0,5,0,0,0
24/10/2019,89,64,76.5,14.9,0,12,0,0,0
25/10/2019,87,59,73,11.6,0,8,0,0,0
26/10/2019,74,52,63,1.8,2,0,0,0,0
27/10/2019,69,52,60.5,-0.5,4,0,0,0,0
28/10/2019,72,52,62,1.2,3,0,0,0,0
29/10/2019,70,47,58.5,-2.1,6,0,0,0,0
30/10/2019,69,51,60,-0.3,5,0,0,0,0
31/10/2019,73,49,61,0.9,4,0,0,0,0
01/11/2019,73,48,60.5,0.6,4,0,0,0,0
02/11/2019,74,48,61,1.4,4,0,0,0,0
03/11/2019,74,49,61.5,2.1,3,0,0,0,0
04/11/2019,69,49,59,-0.2,6,0,0,0,0
05/11/2019,67,47,57,-1.9,8,0,0,0,0
06/11/2019,62,49,55.5,-3.2,9,0,0,0,0
07/11/2019,62,49,55.5,-2.9,9,0,0,0,0
08/11/2019,62,52,57,-1.2,8,0,0,0,0
09/11/2019,62,49,55.5,-2.4,9,0,0,0,0
10/11/2019,64,48,56,-1.7,9,0,0,0,0
11/11/2019,72,47,59.5,2.1,5,0,0,0,0
12/11/2019,72,50,61,3.8,4,0,0,0,0
13/11/2019,61,49,55,-1.9,10,0,0,0,0
14/11/2019,64,50,57,0.3,8,0,0,0,0
15/11/2019,67,55,61,4.6,4,0,0,0,0
16/11/2019,65,52,58.5,2.3,6,0,0,0,0
17/11/2019,74,49,61.5,5.5,3,0,0,0,0
18/11/2019,73,52,62.5,6.8,2,0,0,0,0
19/11/2019,62,52,57,1.5,8,0,0,0,0
20/11/2019,67,52,59.5,4.2,5,0,0,0,0
21/11/2019,62,50,56,1,9,0,0,0,0
22/11/2019,65,47,56,1.2,9,0,0,0,0
23/11/2019,67,47,57,2.4,8,0,0,0,0
24/11/2019,67,46,56.5,2.1,8,0,0,0,0
25/11/2019,65,47,56,1.8,9,0,0,0,0
26/11/2019,56,46,51,-3,14,0,0.91,0,0
27/11/2019,51,42,46.5,-7.3,18,0,0.23,M,0
28/11/2019,53,40,46.5,-7.1,18,0,T,0,0
29/11/2019,54,41,47.5,-5.9,17,0,0.05,0,0
30/11/2019,56,38,47,-6.2,18,0,0.1,M,0
01/12/2019,59,54,56.5,3.5,8,0,0.25,0,0
02/12/2019,58,53,55.5,2.7,9,0,0.2,0,0
03/12/2019,61,50,55.5,2.8,9,0,0.09,0,0
04/12/2019,56,53,54.5,2,10,0,0.3,0,0
05/12/2019,60,52,56,3.6,9,0,0,0,0
06/12/2019,65,53,59,6.8,6,0,0.49,0,0
07/12/2019,66,55,60.5,8.4,4,0,0.49,0,0
08/12/2019,61,52,56.5,4.5,8,0,0.09,0,0
09/12/2019,56,49,52.5,0.7,12,0,0,0,0
10/12/2019,59,50,54.5,2.8,10,0,0.21,0,0
11/12/2019,62,52,57,5.4,8,0,0.06,0,0
12/12/2019,65,56,60.5,9,4,0,0,0,0
13/12/2019,61,53,57,5.6,8,0,0,0,0
14/12/2019,59,50,54.5,3.2,10,0,0.02,0,0
15/12/2019,58,44,51,-0.2,14,0,0,0,0
16/12/2019,56,41,48.5,-2.7,16,0,0,0,0
17/12/2019,56,42,49,-2.1,16,0,0.01,M,0
18/12/2019,59,49,54,3,11,0,0.35,M,0
19/12/2019,58,51,54.5,3.5,10,0,0,0,0
20/12/2019,56,47,51.5,0.6,13,0,0,0,0
21/12/2019,62,47,54.5,3.6,10,0,0,0,0
22/12/2019,57,47,52,1.2,13,0,0.64,M,0
23/12/2019,56,41,48.5,-2.3,16,0,0,0,0
24/12/2019,55,44,49.5,-1.2,15,0,T,M,0
25/12/2019,55,46,50.5,-0.2,14,0,0.04,M,0
26/12/2019,58,44,51,0.3,14,0,0,0,0
27/12/2019,59,39,49,-1.7,16,0,0,0,0
28/12/2019,59,40,49.5,-1.2,15,0,0,0,0
29/12/2019,56,49,52.5,1.8,12,0,0.47,M,0
30/12/2019,59,47,53,2.3,12,0,0,0,0
31/12/2019,57,41,49,-1.7,16,0,0,0,0
01/01/2020,59,47,53,2.3,12,0,0,0,0
02/01/2020,61,49,55,4.3,10,0,0,0,0
03/01/2020,58,44,51,0.3,14,0,0,0,0
04/01/2020,59,49,54,3.3,11,0,0,0,0
05/01/2020,59,44,51.5,0.8,13,0,0,0,0
06/01/2020,59,42,50.5,-0.2,14,0,0,0,0
07/01/2020,56,41,48.5,-2.3,16,0,0.03,M,0
08/01/2020,58,48,53,2.2,12,0,0,0,0
09/01/2020,56,47,51.5,0.7,13,0,0.15,0,0
10/01/2020,56,41,48.5,-2.4,16,0,0,0,0
11/01/2020,56,47,51.5,0.6,13,0,0.03,0,0
12/01/2020,56,44,50,-1,15,0,0.01,0,0
13/01/2020,56,45,50.5,-0.5,14,0,0.05,0,0
14/01/2020,56,44,50,-1,15,0,0.01,M,0
15/01/2020,54,39,46.5,-4.6,18,0,0,0,0
16/01/2020,54,44,49,-2.1,16,0,0.72,0,0
17/01/2020,55,38,46.5,-4.7,18,0,0,0,0
18/01/2020,56,44,50,-1.3,15,0,0,0,0
19/01/2020,55,44,49.5,-1.8,15,0,0,0,0
20/01/2020,56,47,51.5,0.1,13,0,0,0,0
21/01/2020,58,50,54,2.5,11,0,0.01,0,0
22/01/2020,57,50,53.5,2,11,0,0,0,0
23/01/2020,58,47,52.5,0.9,12,0,0,0,0
24/01/2020,63,47,55,3.3,10,0,0,0,0
25/01/2020,62,48,55,3.3,10,0,T,M,0
26/01/2020,61,52,56.5,4.7,8,0,0.14,0,0
27/01/2020,61,47,54,2.1,11,0,0,0,0
28/01/2020,62,50,56,4,9,0,0.03,0,0
29/01/2020,61,47,54,2,11,0,0,0,0
30/01/2020,63,52,57.5,5.4,7,0,0,0,0
31/01/2020,66,48,57,4.8,8,0,0,0,0
01/02/2020,65,47,56,3.7,9,0,0,0,0
02/02/2020,56,44,50,-2.4,15,0,0,0,0
03/02/2020,56,38,47,-5.5,18,0,0,0,0
04/02/2020,56,44,50,-2.5,15,0,0,0,0
05/02/2020,62,39,50.5,-2.1,14,0,0,0,0
06/02/2020,65,44,54.5,1.8,10,0,0,0,0
07/02/2020,64,44,54,1.2,11,0,0,0,0
08/02/2020,60,45,52.5,-0.4,12,0,0,0,0
09/02/2020,61,45,53,0,12,0,0,0,0
10/02/2020,72,48,60,6.9,5,0,0,0,0
11/02/2020,74,48,61,7.8,4,0,0,0,0
12/02/2020,66,47,56.5,3.3,8,0,0,0,0
13/02/2020,56,44,50,-3.3,15,0,0,0,0
14/02/2020,61,47,54,0.6,11,0,0,0,0
15/02/2020,61,44,52.5,-1,12,0,0,0,0
16/02/2020,60,50,55,1.4,10,0,0,0,0
17/02/2020,71,44,57.5,3.8,7,0,0,0,0
18/02/2020,67,49,58,4.2,7,0,0,0,0
19/02/2020,65,44,54.5,0.6,10,0,0,0,0
20/02/2020,66,45,55.5,1.6,9,0,0,0,0
21/02/2020,70,49,59.5,5.5,5,0,0,0,0
22/02/2020,61,51,56,1.9,9,0,0,0,0
23/02/2020,59,50,54.5,0.3,10,0,0,0,0
24/02/2020,69,44,56.5,2.2,8,0,0,0,0
25/02/2020,76,47,61.5,7.2,3,0,0,0,0
26/02/2020,73,49,61,6.6,4,0,0,0,0
27/02/2020,76,49,62.5,8,2,0,0,0,0
28/02/2020,67,50,58.5,3.9,6,0,0,0,0
29/02/2020,57,49,53,-1.6,12,0,0,0,0
01/03/2020,60,44,52,-2.6,13,0,0,0,0
02/03/2020,70,55,62.5,7.8,2,0,0,0,0
03/03/2020,75,50,62.5,7.7,2,0,0,0,0
04/03/2020,74,49,61.5,6.7,3,0,0,0,0
05/03/2020,62,49,55.5,0.6,9,0,0,0,0
06/03/2020,59,49,54,-1,11,0,T,M,0
07/03/2020,56,49,52.5,-2.5,12,0,0.08,M,0
08/03/2020,59,46,52.5,-2.6,12,0,0,0,0
09/03/2020,66,49,57.5,2.4,7,0,0,0,0
10/03/2020,71,50,60.5,5.3,4,0,0,M,M
11/03/2020,70,50,60,4.8,5,0,0,M,M
12/03/2020,70,47,58.5,3.2,6,0,0,M,M
13/03/2020,63,47,55,-0.4,10,0,0,M,M
14/03/2020,54,49,51.5,-3.9,13,0,0.46,M,M
15/03/2020,56,47,51.5,-4,13,0,0.2,M,M
16/03/2020,55,44,49.5,-6,15,0,0.13,M,M
17/03/2020,56,44,50,-5.6,15,0,0.01,M,M
18/03/2020,57,47,52,-3.6,13,0,0.01,M,M
19/03/2020,61,47,54,-1.7,11,0,0,M,M
20/03/2020,63,44,53.5,-2.2,11,0,0,M,M
21/03/2020,62,47,54.5,-1.3,10,0,T,M,M
22/03/2020,66,49,57.5,1.7,7,0,T,M,M
23/03/2020,60,50,55,-0.9,10,0,0,M,M
24/03/2020,56,47,51.5,-4.4,13,0,0.13,M,M
25/03/2020,57,44,50.5,-5.5,14,0,0.06,M,M
26/03/2020,59,41,50,-6,15,0,0,M,M
27/03/2020,59,47,53,-3.1,12,0,0,M,M
28/03/2020,58,50,54,-2.1,11,0,0.04,M,M
29/03/2020,60,50,55,-1.2,10,0,0.2,M,M
30/03/2020,63,49,56,-0.2,9,0,0,M,M
31/03/2020,65,51,58,1.7,7,0,0,M,M
01/04/2020,60,49,54.5,-1.9,10,0,0,M,
02/04/2020,63,44,53.5,-2.9,11,0,0,M,
03/04/2020,62,47,54.5,-2,10,0,0,M,
04/04/2020,59,49,54,-2.5,11,0,0.29,M,
05/04/2020,58,47,52.5,-4.1,12,0,0.41,M,
06/04/2020,51,44,47.5,-9.2,17,0,0.66,0,
07/04/2020,64,43,53.5,-3.2,11,0,0,M,
08/04/2020,62,50,56,-0.8,9,0,0,M,
09/04/2020,65,50,57.5,0.6,7,0,0,M,
10/04/2020,63,53,58,1.1,7,0,0,M,
11/04/2020,62,52,57,0,8,0,0,M,
12/04/2020,62,52,57,-0.1,8,0,0,M,
13/04/2020,68,47,57.5,0.4,7,0,0,0,
14/04/2020,77,47,62,4.8,3,0,0,M,
15/04/2020,73,50,61.5,4.2,3,0,0,M,
16/04/2020,62,52,57,-0.3,8,0,0,M,
17/04/2020,62,50,56,-1.4,9,0,0,M,
18/04/2020,65,54,59.5,2,5,0,0,M,
19/04/2020,65,52,58.5,0.9,6,0,0,M,
20/04/2020,62,54,58,0.3,7,0,0,M,
21/04/2020,65,52,58.5,0.8,6,0,0,M,
22/04/2020,70,50,60,2.2,5,0,0,0,
23/04/2020,71,54,62.5,4.6,2,0,0,0,
24/04/2020,73,52,62.5,4.5,2,0,0,M,
25/04/2020,78,52,65,6.9,0,0,0,M,
26/04/2020,68,52,60,1.9,5,0,0,M,
27/04/2020,71,52,61.5,3.3,3,0,0,M,
28/04/2020,70,52,61,2.7,4,0,0,M,
29/04/2020,65,53,59,0.6,6,0,0,M,
30/04/2020,67,52,59.5,1,5,0,0,M,
01/05/2020,69,52,60.5,1.9,4,0,0,M,
02/05/2020,69,53,61,2.3,4,0,0,M,
03/05/2020,65,50,57.5,-1.3,7,0,0,M,
04/05/2020,73,47,60,1.2,5,0,0,M,
05/05/2020,68,52,60,1.1,5,0,0,M,
06/05/2020,73,55,64,5,1,0,0,0,
07/05/2020,84,52,68,8.9,0,3,0,M,
08/05/2020,82,51,66.5,7.3,0,2,0,M,
09/05/2020,66,50,58,-1.3,7,0,0,M,
10/05/2020,71,50,60.5,1.1,4,0,0,M,
11/05/2020,72,55,63.5,4,1,0,T,M,
12/05/2020,65,54,59.5,-0.1,5,0,0.02,M,
13/05/2020,66,52,59,-0.7,6,0,0,M,
14/05/2020,67,55,61,1.2,4,0,0,M,
15/05/2020,67,55,61,1.1,4,0,0,M,
16/05/2020,73,55,64,4.1,1,0,0,M,
17/05/2020,73,55,64,4,1,0,0.16,0,
18/05/2020,67,55,61,0.9,4,0,0.05,0,
19/05/2020,66,53,59.5,-0.7,5,0,0,M,
20/05/2020,67,55,61,0.7,4,0,0,M,
21/05/2020,70,52,61,0.6,4,0,0,M,
22/05/2020,67,52,59.5,-1,5,0,0,M,
23/05/2020,74,50,62,1.4,3,0,0,M,
24/05/2020,80,50,65,4.3,0,0,0,0,
25/05/2020,90,55,72.5,11.7,0,8,0,0,
26/05/2020,89,56,72.5,11.6,0,8,0,M,
27/05/2020,78,55,66.5,5.5,0,2,0,M,
28/05/2020,67,52,59.5,-1.6,5,0,0,M,
29/05/2020,71,55,63,1.8,2,0,0,M,
30/05/2020,71,58,64.5,3.3,0,0,0.02,M,
31/05/2020,67,55,61,-0.3,4,0,0,M,
01/06/2020,72,55,63.5,2.1,1,0,0,,
02/06/2020,87,56,71.5,10,0,7,0,,
03/06/2020,89,58,73.5,11.9,0,9,0,,
04/06/2020,79,55,67,5.3,0,2,0,,
05/06/2020,64,55,59.5,-2.3,5,0,0,,
06/06/2020,66,55,60.5,-1.4,4,0,0,,
07/06/2020,66,52,59,-3,6,0,0,,
08/06/2020,73,52,62.5,0.5,2,0,0,,
09/06/2020,82,52,67,4.9,0,2,0,,
10/06/2020,78,55,66.5,4.3,0,2,0,,
11/06/2020,79,55,67,4.7,0,2,0,,
12/06/2020,67,56,61.5,-0.9,3,0,T,,
13/06/2020,68,55,61.5,-0.9,3,0,0,,
14/06/2020,70,58,64,1.5,1,0,0,,
15/06/2020,70,55,62.5,-0.1,2,0,0,,
16/06/2020,68,53,60.5,-2.1,4,0,0,,
17/06/2020,82,54,68,5.3,0,3,0,,
18/06/2020,86,55,70.5,7.7,0,6,0,,
19/06/2020,73,55,64,1.1,1,0,0,,
20/06/2020,73,55,64,1.1,1,0,0,,
21/06/2020,69,55,62,-1,3,0,0,,
22/06/2020,76,55,65.5,2.5,0,1,0,,
23/06/2020,74,58,66,2.9,0,1,0,,
24/06/2020,73,58,65.5,2.3,0,1,0,,
25/06/2020,71,55,63,-0.2,2,0,0,,
26/06/2020,71,58,64.5,1.2,0,0,0,,
27/06/2020,74,56,65,1.7,0,0,0,,
28/06/2020,67,55,61,-2.4,4,0,0,,
29/06/2020,77,55,66,2.6,0,1,0,,
30/06/2020,77,55,66,2.6,0,1,0,,
01/07/2020,77,55,66,2.5,0,1,0,,
02/07/2020,70,55,62.5,-1,2,0,0,,
03/07/2020,68,55,61.5,-2.1,3,0,0,,
04/07/2020,79,53,66,2.4,0,1,0,,
05/07/2020,72,55,63.5,-0.1,1,0,0,,
06/07/2020,67,55,61,-2.7,4,0,0,,
07/07/2020,71,52,61.5,-2.2,3,0,0,,
08/07/2020,73,53,63,-0.7,2,0,0,,
09/07/2020,74,53,63.5,-0.3,1,0,0,,
10/07/2020,73,52,62.5,-1.3,2,0,0,,
11/07/2020,76,53,64.5,0.7,0,0,0,,
12/07/2020,76,54,65,1.1,0,0,0,,
13/07/2020,73,55,64,0.1,1,0,0,,
14/07/2020,75,55,65,1.1,0,0,0,,
15/07/2020,73,58,65.5,1.6,0,1,0,,
16/07/2020,74,56,65,1,0,0,0,,
17/07/2020,76,58,67,3,0,2,0,,
18/07/2020,75,58,66.5,2.5,0,2,0,,
19/07/2020,74,58,66,2,0,1,0,,
20/07/2020,69,55,62,-2.1,3,0,0,,
21/07/2020,71,55,63,-1.1,2,0,0,,
22/07/2020,74,58,66,1.9,0,1,0,,
23/07/2020,73,56,64.5,0.4,0,0,0,,
24/07/2020,68,55,61.5,-2.7,3,0,0,,
25/07/2020,74,56,65,0.8,0,0,0,,
26/07/2020,71,58,64.5,0.3,0,0,0,,
27/07/2020,71,55,63,-1.2,2,0,0,,
28/07/2020,69,55,62,-2.3,3,0,0,,
29/07/2020,70,55,62.5,-1.8,2,0,0,,
30/07/2020,68,55,61.5,-2.8,3,0,0,,
31/07/2020,68,55,61.5,-2.9,3,0,0,,
01/08/2020,68,56,62,-2.4,3,0,0,,
02/08/2020,70,55,62.5,-1.9,2,0,0,,
03/08/2020,75,58,66.5,2,0,2,0,,
04/08/2020,71,58,64.5,0,0,0,0,,
05/08/2020,66,58,62,-2.5,3,0,0,,
06/08/2020,77,58,67.5,2.9,0,3,0,,
07/08/2020,78,58,68,3.4,0,3,0,,
08/08/2020,77,58,67.5,2.9,0,3,0,,
09/08/2020,73,58,65.5,0.8,0,1,0,,
10/08/2020,73,57,65,0.3,0,0,0,,
11/08/2020,77,58,67.5,2.8,0,3,0,,
12/08/2020,71,56,63.5,-1.3,1,0,0,,
13/08/2020,86,56,71,6.2,0,6,0,,
14/08/2020,99,62,80.5,15.7,0,16,0,,
15/08/2020,94,66,80,15.1,0,15,0,,
16/08/2020,86,64,75,10.1,0,10,0.04,,
17/08/2020,82,62,72,7.1,0,7,0.01,,
18/08/2020,84,61,72.5,7.5,0,8,0,,
19/08/2020,80,61,70.5,5.5,0,6,0,,
20/08/2020,77,55,66,0.9,0,1,0,,
21/08/2020,80,58,69,3.9,0,4,0,,
22/08/2020,79,56,67.5,2.4,0,3,0,,
23/08/2020,76,58,67,1.8,0,2,0,,
24/08/2020,76,58,67,1.8,0,2,0,,
25/08/2020,71,58,64.5,-0.7,0,0,0,,
26/08/2020,66,55,60.5,-4.7,4,0,0,,
27/08/2020,68,55,61.5,-3.8,3,0,0,,
28/08/2020,67,55,61,-4.3,4,0,0,,
29/08/2020,72,56,64,-1.3,1,0,0,,
30/08/2020,70,56,63,-2.4,2,0,0,,
31/08/2020,71,56,63.5,-1.9,1,0,0,,
01/09/2020,72,58,65,-0.4,0,0,0,,
02/09/2020,71,58,64.5,-0.9,0,0,0,,
03/09/2020,67,58,62.5,-2.9,2,0,0,,
04/09/2020,72,57,64.5,-1,0,0,0,,
05/09/2020,93,58,75.5,10,0,11,0,,
06/09/2020,102,68,85,19.5,0,20,0,,
07/09/2020,97,63,80,14.5,0,15,0,,
08/09/2020,79,58,68.5,3,0,4,0,,
09/09/2020,66,58,62,-3.5,3,0,0,,
10/09/2020,67,58,62.5,-3,2,0,0,,
11/09/2020,74,55,64.5,-1,0,0,0,,
12/09/2020,76,55,65.5,0,0,1,0,,
13/09/2020,67,55,61,-4.5,4,0,0,,
14/09/2020,69,55,62,-3.5,3,0,0,,
15/09/2020,73,60,66.5,1,0,2,0,,
16/09/2020,79,64,71.5,6,0,7,0,,
17/09/2020,73,61,67,1.6,0,2,0,,
18/09/2020,75,61,68,2.6,0,3,0,,
19/09/2020,79,61,70,4.6,0,5,0,,
20/09/2020,83,58,70.5,5.1,0,6,0,,
21/09/2020,77,56,66.5,1.2,0,2,0,,
22/09/2020,73,59,66,0.7,0,1,0,,
23/09/2020,77,58,67.5,2.2,0,3,0,,
24/09/2020,79,61,70,4.8,0,5,0,,
25/09/2020,72,61,66.5,1.3,0,2,0,,
26/09/2020,77,58,67.5,2.4,0,3,0,,
27/09/2020,91,61,76,10.9,0,11,0,,
28/09/2020,96,58,77,12,0,12,0,,
29/09/2020,95,57,76,11.1,0,11,0,,
30/09/2020,82,58,70,5.1,0,5,0,,
01/10/2020,88,64,76,11.2,0,11,0,,
02/10/2020,88,58,73,8.3,0,8,0,,
03/10/2020,85,55,70,5.4,0,5,0,,
04/10/2020,71,55,63,-1.6,2,0,0,,
05/10/2020,74,52,63,-1.5,2,0,0,,
06/10/2020,69,52,60.5,-3.9,4,0,0,,
07/10/2020,65,55,60,-4.3,5,0,0,,
08/10/2020,67,57,62,-2.2,3,0,0,,
09/10/2020,71,58,64.5,0.5,0,0,0,,
10/10/2020,74,58,66,2.1,0,1,0,,
11/10/2020,77,56,66.5,2.7,0,2,0,,
12/10/2020,83,55,69,5.3,0,4,0,,
13/10/2020,84,58,71,7.5,0,6,0,,
14/10/2020,88,61,74.5,11.1,0,10,0,,
15/10/2020,91,62,76.5,13.3,0,12,0,,
16/10/2020,94,63,78.5,15.4,0,14,0,,
17/10/2020,91,61,76,13.1,0,11,0,,
18/10/2020,83,58,70.5,7.8,0,6,0,,
19/10/2020,79,55,67,4.4,0,2,0,,
20/10/2020,81,54,67.5,5.1,0,3,0,,
21/10/2020,79,56,67.5,5.3,0,3,0,,
22/10/2020,73,55,64,2,1,0,0,,
23/10/2020,72,52,62,0.2,3,0,0,,
24/10/2020,71,52,61.5,-0.1,3,0,0,,
25/10/2020,71,56,63.5,2.1,1,0,0,,
26/10/2020,77,55,66,4.8,0,1,0,,
27/10/2020,77,54,65.5,4.5,0,1,0,,
28/10/2020,74,52,63,2.2,2,0,0,,
29/10/2020,73,49,61,0.4,4,0,0,,
30/10/2020,65,49,57,-3.3,8,0,0,,
31/10/2020,76,47,61.5,1.4,3,0,0,,
01/11/2020,77,50,63.5,3.6,1,0,0,,
02/11/2020,73,52,62.5,2.9,2,0,0,,
03/11/2020,67,50,58.5,-0.9,6,0,0,,
04/11/2020,73,54,63.5,4.3,1,0,0,,
05/11/2020,80,55,67.5,8.6,0,3,0,,
06/11/2020,62,52,57,-1.7,8,0,0,,
07/11/2020,62,49,55.5,-2.9,9,0,0,,
08/11/2020,57,46,51.5,-6.7,13,0,0.03,,
09/11/2020,60,41,50.5,-7.4,14,0,0,,
10/11/2020,61,41,51,-6.7,14,0,0,,
11/11/2020,60,50,55,-2.4,10,0,0,,
12/11/2020,62,44,53,-4.2,12,0,0,,
13/11/2020,60,47,53.5,-3.4,11,0,0.01,,
14/11/2020,61,47,54,-2.7,11,0,0,,
15/11/2020,67,43,55,-1.4,10,0,0,,
16/11/2020,69,49,59,2.8,6,0,0,,
17/11/2020,66,53,59.5,3.5,5,0,0.14,,
18/11/2020,65,49,57,1.3,8,0,0.13,,
19/11/2020,65,45,55,-0.5,10,0,0,,
20/11/2020,65,45,55,-0.3,10,0,0,,
21/11/2020,65,44,54.5,-0.5,10,0,0,,
22/11/2020,58,42,50,-4.8,15,0,0,,
23/11/2020,61,48,54.5,-0.1,10,0,0,,
24/11/2020,64,44,54,-0.4,11,0,0,,
25/11/2020,61,49,55,0.8,10,0,0,,
26/11/2020,63,44,53.5,-0.5,11,0,0,,
27/11/2020,66,41,53.5,-0.3,11,0,0,,
28/11/2020,64,41,52.5,-1.1,12,0,0,,
29/11/2020,59,41,50,-3.4,15,0,0,,
30/11/2020,62,41,51.5,-1.7,13,0,0,,
01/12/2020,62,44,53,0,12,0,0,,
02/12/2020,66,44,55,2.2,10,0,0,,
03/12/2020,61,47,54,1.3,11,0,0,,
04/12/2020,61,45,53,0.5,12,0,0,,
05/12/2020,61,44,52.5,0.1,12,0,0,,
06/12/2020,62,46,54,1.8,11,0,0,,
07/12/2020,73,46,59.5,7.4,5,0,0,,
08/12/2020,72,46,59,7,6,0,0,,
09/12/2020,66,46,56,4.2,9,0,0,,
10/12/2020,62,47,54.5,2.8,10,0,0,,
11/12/2020,60,50,55,3.4,10,0,0.29,,
12/12/2020,60,51,55.5,4,9,0,0.02,,
13/12/2020,60,50,55,3.6,10,0,0.39,,
14/12/2020,58,45,51.5,0.2,13,0,0,,
15/12/2020,58,46,52,0.8,13,0,0,,
16/12/2020,58,45,51.5,0.3,13,0,0,,
17/12/2020,58,48,53,1.9,12,0,0.44,,
18/12/2020,63,42,52.5,1.5,12,0,0,,
19/12/2020,61,42,51.5,0.5,13,0,0,,
20/12/2020,62,42,52,1.1,13,0,0,,
21/12/2020,58,43,50.5,-0.4,14,0,0,,
22/12/2020,60,48,54,3.2,11,0,0,,
23/12/2020,60,42,51,0.2,14,0,0,,
24/12/2020,56,44,50,-0.7,15,0,0,,
25/12/2020,64,45,54.5,3.8,10,0,0.16,,
26/12/2020,61,49,55,4.3,10,0,0,,
27/12/2020,57,46,51.5,0.8,13,0,T,,
28/12/2020,56,47,51.5,0.8,13,0,0.02,,
29/12/2020,61,41,51,0.3,14,0,0,,
30/12/2020,57,40,48.5,-2.2,16,0,0.04,,
31/12/2020,60,47,53.5,2.8,11,0,0.03,,
01/01/2021,60,43,51.5,0.8,13,0,T,,
02/01/2021,54,50,52,1.3,13,0,0.19,,
03/01/2021,53,49,51,0.3,14,0,0,,
04/01/2021,62,51,56.5,5.8,8,0,0.3,,
05/01/2021,58,45,51.5,0.8,13,0,0,,
06/01/2021,56,42,49,-1.7,16,0,0.02,,
07/01/2021,58,44,51,0.2,14,0,0,,
08/01/2021,58,48,53,2.2,12,0,T,,
09/01/2021,61,42,51.5,0.7,13,0,0,,
10/01/2021,58,43,50.5,-0.4,14,0,0,,
11/01/2021,61,45,53,2.1,12,0,0,,
12/01/2021,58,49,53.5,2.5,11,0,0,,
13/01/2021,68,50,59,8,6,0,0,,
14/01/2021,69,50,59.5,8.5,5,0,0,,
15/01/2021,63,47,55,3.9,10,0,0,,
16/01/2021,67,49,58,6.9,7,0,0,,
17/01/2021,74,48,61,9.8,4,0,0,,
18/01/2021,74,50,62,10.7,3,0,0,,
19/01/2021,66,49,57.5,6.2,7,0,0,,
20/01/2021,67,47,57,5.6,8,0,0,,
21/01/2021,58,42,50,-1.5,15,0,0,,
22/01/2021,55,49,52,0.5,13,0,0.07,,
23/01/2021,57,46,51.5,-0.1,13,0,0,,
24/01/2021,53,46,49.5,-2.2,15,0,0.15,,
25/01/2021,54,46,50,-1.7,15,0,0,,
26/01/2021,52,39,45.5,-6.3,19,0,0.72,,
27/01/2021,55,47,51,-0.9,14,0,0.77,,
28/01/2021,54,48,51,-1,14,0,0.57,,
29/01/2021,57,43,50,-2,15,0,0.13,,
30/01/2021,58,47,52.5,0.4,12,0,0,,
31/01/2021,61,50,55.5,3.3,9,0,0,,
01/02/2021,65,48,56.5,4.2,8,0,0.35,,
02/02/2021,61,51,56,3.6,9,0,0.18,,
03/02/2021,59,43,51,-1.5,14,0,0,,
04/02/2021,62,45,53.5,1,11,0,0,,
05/02/2021,67,43,55,2.4,10,0,0,,
06/02/2021,67,44,55.5,2.8,9,0,0,,
07/02/2021,67,44,55.5,2.7,9,0,0,,
08/02/2021,58,43,50.5,-2.4,14,0,0,,
09/02/2021,60,51,55.5,2.5,9,0,T,,
10/02/2021,62,49,55.5,2.4,9,0,0,,
11/02/2021,57,45,51,-2.2,14,0,0.43,,
12/02/2021,60,51,55.5,2.3,9,0,T,,
13/02/2021,60,50,55,1.7,10,0,0.05,,
14/02/2021,58,50,54,0.6,11,0,0.01,,
15/02/2021,59,52,55.5,2,9,0,0.14,,
16/02/2021,58,49,53.5,-0.1,11,0,0,,
17/02/2021,64,44,54,0.3,11,0,0,,
18/02/2021,65,43,54,0.2,11,0,0,,
19/02/2021,60,51,55.5,1.6,9,0,0.03,,
20/02/2021,60,50,55,1.1,10,0,0.06,,
21/02/2021,64,44,54,0,11,0,0,,
22/02/2021,72,46,59,4.9,6,0,0,,
23/02/2021,76,50,63,8.8,2,0,0,,
24/02/2021,71,49,60,5.7,5,0,0,,
25/02/2021,66,50,58,3.7,7,0,0,,
26/02/2021,61,47,54,-0.4,11,0,0,,
27/02/2021,61,45,53,-1.5,12,0,0,,
28/02/2021,69,48,58.5,3.9,6,0,0,,
01/03/2021,69,45,57,2.4,8,0,0,,
02/03/2021,65,44,54.5,-0.2,10,0,0,,
03/03/2021,64,48,56,1.2,9,0,0,,
04/03/2021,63,45,54,-0.8,11,0,0,,
05/03/2021,65,46,55.5,0.6,9,0,0.21,,
06/03/2021,58,47,52.5,-2.5,12,0,0.01,,
07/03/2021,60,44,52,-3,13,0,0,,
08/03/2021,59,45,52,-3.1,13,0,0,,
09/03/2021,60,48,54,-1.1,11,0,0.2,,
10/03/2021,56,45,50.5,-4.7,14,0,0.47,,
11/03/2021,59,43,51,-4.2,14,0,0.09,,
12/03/2021,65,43,54,-1.3,11,0,0,,
13/03/2021,56,50,53,-2.4,12,0,0,,
14/03/2021,58,47,52.5,-2.9,12,0,0.17,,
15/03/2021,55,45,50,-5.5,15,0,0.03,,
16/03/2021,57,43,50,-5.5,15,0,0,,
17/03/2021,56,43,49.5,-6.1,15,0,0,,
18/03/2021,58,51,54.5,-1.1,10,0,0.16,,
19/03/2021,61,51,56,0.3,9,0,0.01,,
20/03/2021,58,48,53,-2.7,12,0,0.03,,
21/03/2021,61,44,52.5,-3.3,12,0,0,,
22/03/2021,61,49,55,-0.8,10,0,0,,
23/03/2021,66,47,56.5,0.6,8,0,0,,
24/03/2021,69,51,60,4.1,5,0,0,,
25/03/2021,60,48,54,-2,11,0,0,,
26/03/2021,71,45,58,2,7,0,0,,
27/03/2021,77,46,61.5,5.4,3,0,0,,
28/03/2021,68,48,58,1.9,7,0,0,,
29/03/2021,63,48,55.5,-0.7,9,0,0,,
30/03/2021,77,49,63,6.8,2,0,0,,
31/03/2021,81,54,67.5,11.2,0,3,0,,
01/04/2021,84,54,69,12.6,0,4,0,,
02/04/2021,70,50,60,3.6,5,0,0,,
03/04/2021,63,51,57,0.5,8,0,0,,
04/04/2021,62,52,57,0.5,8,0,0,,
05/04/2021,57,52,54.5,-2.1,10,0,0,,
06/04/2021,63,50,56.5,-0.2,8,0,0,,
07/04/2021,59,50,54.5,-2.2,10,0,0,,
08/04/2021,62,51,56.5,-0.3,8,0,0,,
09/04/2021,59,50,54.5,-2.4,10,0,0,,
10/04/2021,64,49,56.5,-0.4,8,0,0,,
11/04/2021,68,48,58,1,7,0,0,,
12/04/2021,66,48,57,-0.1,8,0,0,,
13/04/2021,61,51,56,-1.1,9,0,0,,
14/04/2021,69,49,59,1.8,6,0,0,,
15/04/2021,65,47,56,-1.3,9,0,0,,
16/04/2021,60,48,54,-3.3,11,0,0,,
17/04/2021,62,51,56.5,-0.9,8,0,0,,
18/04/2021,76,48,62,4.5,3,0,0,,
19/04/2021,63,50,56.5,-1.1,8,0,0,,
20/04/2021,60,53,56.5,-1.2,8,0,0,,
21/04/2021,64,51,57.5,-0.2,7,0,0,,
22/04/2021,62,50,56,-1.8,9,0,0,,
23/04/2021,68,52,60,2.1,5,0,0,,
24/04/2021,66,51,58.5,0.5,6,0,T,,
25/04/2021,60,51,55.5,-2.6,9,0,T,,
26/04/2021,62,49,55.5,-2.6,9,0,0,,
27/04/2021,70,48,59,0.8,6,0,0,,
28/04/2021,83,50,66.5,8.2,0,2,0,,
29/04/2021,63,52,57.5,-0.9,7,0,0,,
30/04/2021,62,53,57.5,-1,7,0,0,,
01/05/2021,61,53,57,-1.6,8,0,T,,
02/05/2021,67,52,59.5,0.8,5,0,0,,
03/05/2021,77,50,63.5,4.7,1,0,0,,
04/05/2021,72,54,63,4.2,2,0,0,,
05/05/2021,70,51,60.5,1.6,4,0,0,,
06/05/2021,64,50,57,-2,8,0,0,,
07/05/2021,66,52,59,-0.1,6,0,0,,
08/05/2021,79,50,64.5,5.3,0,0,0,,
09/05/2021,76,54,65,5.7,0,0,0,,
10/05/2021,84,52,68,8.6,0,3,0,,
11/05/2021,72,51,61.5,2,3,0,0,,
12/05/2021,68,50,59,-0.6,6,0,0,,
13/05/2021,68,52,60,0.3,5,0,0,,
14/05/2021,61,52,56.5,-3.3,8,0,T,,
15/05/2021,64,52,58,-1.9,7,0,T,,
16/05/2021,67,53,60,0.1,5,0,0,,
17/05/2021,62,53,57.5,-2.5,7,0,0,,
18/05/2021,68,54,61,0.9,4,0,0,,
19/05/2021,62,52,57,-3.2,8,0,0,,
20/05/2021,65,50,57.5,-2.8,7,0,0,,
21/05/2021,64,51,57.5,-2.9,7,0,0,,
22/05/2021,70,49,59.5,-1,5,0,0,,
23/05/2021,65,53,59,-1.6,6,0,0,,
24/05/2021,65,51,58,-2.7,7,0,0,,
25/05/2021,65,54,59.5,-1.3,5,0,0,,
26/05/2021,66,52,59,-1.9,6,0,0,,
27/05/2021,68,53,60.5,-0.5,4,0,0,,
28/05/2021,68,54,61,-0.1,4,0,0,,
29/05/2021,60,54,57,-4.2,8,0,0,,
30/05/2021,73,53,63,1.8,2,0,0,,
31/05/2021,76,52,64,2.7,1,0,0,,
01/06/2021,72,54,63,1.6,2,0,0,,
02/06/2021,67,53,60,-1.5,5,0,0,,
03/06/2021,72,54,63,1.4,2,0,0,,
04/06/2021,68,56,62,0.3,3,0,0,,
05/06/2021,74,55,64.5,2.7,0,0,0,,
06/06/2021,73,55,64,2.1,1,0,0,,
07/06/2021,66,55,60.5,-1.5,4,0,0,,
08/06/2021,67,55,61,-1,4,0,0,,
09/06/2021,67,55,61,-1.1,4,0,0,,
10/06/2021,69,55,62,-0.2,3,0,0,,
11/06/2021,73,55,64,1.7,1,0,0,,
12/06/2021,78,62,70,7.6,0,5,0,,
13/06/2021,77,57,67,4.6,0,2,0,,
14/06/2021,73,60,66.5,4,0,2,0,,
15/06/2021,74,56,65,2.4,0,0,0,,
16/06/2021,86,58,72,9.4,0,7,0,,
17/06/2021,90,62,76,13.3,0,11,0,,
18/06/2021,84,60,72,9.2,0,7,0,,
19/06/2021,79,60,69.5,6.6,0,5,0,,
20/06/2021,76,58,67,4.1,0,2,0,,
21/06/2021,75,60,67.5,4.5,0,3,0,,
22/06/2021,76,64,70,7,0,5,0,,
23/06/2021,74,62,68,4.9,0,3,0,,
24/06/2021,75,61,68,4.8,0,3,0,,
25/06/2021,71,58,64.5,1.3,0,0,0,,
26/06/2021,70,59,64.5,1.2,0,0,0,,
27/06/2021,71,60,65.5,2.2,0,1,0,,
28/06/2021,69,59,64,0.6,1,0,0,,
29/06/2021,71,59,65,1.6,0,0,0,,
30/06/2021,72,60,66,2.6,0,1,0,,
01/07/2021,76,61,68.5,5,0,4,0,,
02/07/2021,78,60,69,5.5,0,4,0,,
03/07/2021,75,61,68,4.4,0,3,0,,
04/07/2021,77,60,68.5,4.9,0,4,0,,
05/07/2021,73,60,66.5,2.9,0,2,0,,
06/07/2021,69,59,64,0.3,1,0,0,,
07/07/2021,67,57,62,-1.7,3,0,0,,
08/07/2021,74,59,66.5,2.8,0,2,0,,
09/07/2021,75,58,66.5,2.7,0,2,0,,
10/07/2021,72,57,64.5,0.7,0,0,0,,
11/07/2021,70,57,63.5,-0.3,1,0,0,,
12/07/2021,69,57,63,-0.9,2,0,0,,
13/07/2021,76,55,65.5,1.6,0,1,0,,
14/07/2021,73,55,64,0.1,1,0,0,,
15/07/2021,65,54,59.5,-4.4,5,0,0,,
16/07/2021,70,55,62.5,-1.5,2,0,0,,
17/07/2021,72,54,63,-1,2,0,0,,
18/07/2021,74,55,64.5,0.5,0,0,0,,
19/07/2021,70,56,63,-1,2,0,0,,
20/07/2021,66,55,60.5,-3.6,4,0,0,,
21/07/2021,68,55,61.5,-2.6,3,0,0,,
22/07/2021,66,55,60.5,-3.6,4,0,0,,
23/07/2021,75,53,64,-0.1,1,0,0,,
24/07/2021,70,55,62.5,-1.7,2,0,0,,
25/07/2021,71,56,63.5,-0.7,1,0,0,,
26/07/2021,75,57,66,1.8,0,1,0,,
27/07/2021,75,58,66.5,2.3,0,2,0,,
28/07/2021,74,56,65,0.7,0,0,0,,
29/07/2021,72,57,64.5,0.2,0,0,0,,
30/07/2021,71,56,63.5,-0.8,1,0,0,,
31/07/2021,75,58,66.5,2.1,0,2,0,,
01/08/2021,73,58,65.5,1.1,0,1,0,,
02/08/2021,71,55,63,-1.4,2,0,0,,
03/08/2021,68,55,61.5,-3,3,0,0,,
04/08/2021,68,56,62,-2.5,3,0,0,,
05/08/2021,68,58,63,-1.5,2,0,0,,
06/08/2021,75,58,66.5,1.9,0,2,0,,
07/08/2021,75,56,65.5,0.9,0,1,0,,
08/08/2021,74,57,65.5,0.9,0,1,0,,
09/08/2021,75,57,66,1.3,0,1,0,,
10/08/2021,75,58,66.5,1.8,0,2,0,,
11/08/2021,70,57,63.5,-1.2,1,0,0,,
12/08/2021,71,59,65,0.2,0,0,0,,
13/08/2021,71,58,64.5,-0.3,0,0,0,,
14/08/2021,70,58,64,-0.8,1,0,0,,
15/08/2021,71,58,64.5,-0.4,0,0,0,,
16/08/2021,73,58,65.5,0.6,0,1,0,,
17/08/2021,76,59,67.5,2.6,0,3,0,,
18/08/2021,75,58,66.5,1.5,0,2,0,,
19/08/2021,73,59,66,1,0,1,0,,
20/08/2021,73,60,66.5,1.4,0,2,0,,
21/08/2021,71,59,65,-0.1,0,0,0,,
22/08/2021,73,58,65.5,0.4,0,1,0,,
23/08/2021,73,56,64.5,-0.7,0,0,0,,
24/08/2021,71,56,63.5,-1.7,1,0,0,,
25/08/2021,69,56,62.5,-2.7,2,0,0,,
26/08/2021,77,55,66,0.8,0,1,0,,
27/08/2021,88,59,73.5,8.2,0,9,0,,
28/08/2021,89,60,74.5,9.2,0,10,0,,
29/08/2021,75,58,66.5,1.2,0,2,0,,
30/08/2021,71,56,63.5,-1.9,1,0,0,,
31/08/2021,74,55,64.5,-0.9,0,0,0,,
01/09/2021,71,55,63,-2.4,2,0,0,,
02/09/2021,69,57,63,-2.4,2,0,0,,
03/09/2021,67,55,61,-4.4,4,0,0,,
04/09/2021,73,54,63.5,-2,1,0,0,,
05/09/2021,78,53,65.5,0,0,1,0,,
06/09/2021,82,55,68.5,3,0,4,0,,
07/09/2021,75,58,66.5,1,0,2,0,,
08/09/2021,75,60,67.5,2,0,3,0,,
09/09/2021,69,58,63.5,-2,1,0,0,,
10/09/2021,68,59,63.5,-2,1,0,0,,
11/09/2021,70,57,63.5,-2,1,0,0,,
12/09/2021,75,55,65,-0.5,0,0,0,,
13/09/2021,72,58,65,-0.5,0,0,0,,
14/09/2021,72,54,63,-2.5,2,0,0,,
15/09/2021,70,57,63.5,-2,1,0,0,,
16/09/2021,68,55,61.5,-4,3,0,0,,
17/09/2021,70,55,62.5,-2.9,2,0,0,,
18/09/2021,71,57,64,-1.4,1,0,0,,
19/09/2021,71,60,65.5,0.1,0,1,0,,
20/09/2021,86,56,71,5.6,0,6,0,,
21/09/2021,90,62,76,10.7,0,11,0,,
22/09/2021,73,55,64,-1.3,1,0,0,,
23/09/2021,82,54,68,2.7,0,3,0,,
24/09/2021,72,55,63.5,-1.7,1,0,0,,
25/09/2021,67,57,62,-3.2,3,0,0,,
26/09/2021,66,59,62.5,-2.6,2,0,0,,
27/09/2021,72,59,65.5,0.4,0,1,0,,
28/09/2021,71,57,64,-1,1,0,0,,
29/09/2021,73,53,63,-1.9,2,0,0,,
30/09/2021,83,54,68.5,3.6,0,4,0,,
01/10/2021,80,56,68,3.2,0,3,0,,
02/10/2021,82,57,69.5,4.8,0,5,0,,
03/10/2021,87,57,72,7.4,0,7,0,,
04/10/2021,79,55,67,2.4,0,2,0,,
05/10/2021,68,54,61,-3.5,4,0,0,,
06/10/2021,66,56,61,-3.4,4,0,0,,
07/10/2021,62,56,59,-5.3,6,0,0,,
08/10/2021,64,55,59.5,-4.7,5,0,0,,
09/10/2021,72,55,63.5,-0.5,1,0,0,,
10/10/2021,72,52,62,-1.9,3,0,0,,
11/10/2021,64,54,59,-4.8,6,0,0,,
12/10/2021,67,51,59,-4.7,6,0,0,,
13/10/2021,62,50,56,-7.5,9,0,0,,
14/10/2021,74,50,62,-1.4,3,0,0,,
15/10/2021,79,51,65,1.8,0,0,0,,
16/10/2021,83,54,68.5,5.4,0,4,0,,
17/10/2021,70,53,61.5,-1.4,3,0,0.03,,
18/10/2021,61,51,56,-6.7,9,0,T,,
19/10/2021,67,48,57.5,-5.1,7,0,T,,
20/10/2021,67,55,61,-1.4,4,0,0.29,,
21/10/2021,70,61,65.5,3.3,0,1,0.44,,
22/10/2021,65,56,60.5,-1.5,4,0,0.46,,
23/10/2021,65,54,59.5,-2.3,5,0,0.26,,
24/10/2021,65,57,61,-0.6,4,0,4.02,,
25/10/2021,63,54,58.5,-2.9,6,0,0.34,,
26/10/2021,64,54,59,-2.2,6,0,0,,
27/10/2021,71,56,63.5,2.5,1,0,0,,
28/10/2021,75,57,66,5.2,0,1,0,,
29/10/2021,73,56,64.5,3.9,0,0,0,,
30/10/2021,64,57,60.5,0.2,4,0,0,,
31/10/2021,63,56,59.5,-0.6,5,0,T,,
01/11/2021,66,60,63,3.1,2,0,0.13,,
02/11/2021,66,59,62.5,2.9,2,0,T,,
03/11/2021,71,55,63,3.6,2,0,0,,
04/11/2021,65,56,60.5,1.3,4,0,0.06,,
05/11/2021,65,53,59,0.1,6,0,0,,
06/11/2021,63,54,58.5,-0.2,6,0,0,,
07/11/2021,62,47,54.5,-3.9,10,0,0,,
08/11/2021,63,48,55.5,-2.7,9,0,0.28,,
09/11/2021,65,52,58.5,0.6,6,0,0.15,,
10/11/2021,65,56,60.5,2.8,4,0,0,,
11/11/2021,68,53,60.5,3.1,4,0,0,,
12/11/2021,71,54,62.5,5.3,2,0,0,,
13/11/2021,66,54,60,3.1,5,0,0,,
14/11/2021,66,55,60.5,3.8,4,0,0,,
15/11/2021,61,55,58,1.6,7,0,0,,
16/11/2021,63,53,58,1.8,7,0,0,,
17/11/2021,67,49,58,2,7,0,0,,
18/11/2021,61,51,56,0.3,9,0,T,,
19/11/2021,61,53,57,1.5,8,0,0.01,,
20/11/2021,66,51,58.5,3.2,6,0,0,,
21/11/2021,68,48,58,3,7,0,0,,
22/11/2021,66,47,56.5,1.7,8,0,0,,
23/11/2021,63,48,55.5,0.9,9,0,0,,
24/11/2021,66,46,56,1.6,9,0,0,,
25/11/2021,64,46,55,0.8,10,0,0,,
26/11/2021,66,49,57.5,3.5,7,0,0,,
27/11/2021,67,48,57.5,3.7,7,0,0,,
28/11/2021,70,51,60.5,6.9,4,0,0,,
29/11/2021,67,51,59,5.6,6,0,0,,
30/11/2021,66,49,57.5,4.3,7,0,0,,
01/12/2021,70,49,59.5,6.5,5,0,0,,
02/12/2021,62,49,55.5,2.7,9,0,0,,
03/12/2021,56,51,53.5,0.8,11,0,0,,
04/12/2021,58,53,55.5,3,9,0,0,,
05/12/2021,58,49,53.5,1.1,11,0,0,,
06/12/2021,55,50,52.5,0.3,12,0,0.02,,
07/12/2021,60,51,55.5,3.4,9,0,0.05,,
08/12/2021,56,51,53.5,1.5,11,0,T,,
09/12/2021,57,46,51.5,-0.3,13,0,0.01,,
10/12/2021,57,42,49.5,-2.2,15,0,0,,
11/12/2021,56,39,47.5,-4.1,17,0,0,,
12/12/2021,56,48,52,0.5,13,0,0.7,,
13/12/2021,61,46,53.5,2.1,11,0,3.14,,
14/12/2021,52,43,47.5,-3.8,17,0,0.21,,
15/12/2021,56,44,50,-1.2,15,0,0.36,,
16/12/2021,57,48,52.5,1.3,12,0,0.28,,
17/12/2021,55,43,49,-2.1,16,0,0,,
18/12/2021,52,41,46.5,-4.5,18,0,0,,
19/12/2021,50,41,45.5,-5.5,19,0,0,,
20/12/2021,54,45,49.5,-1.4,15,0,0,,
21/12/2021,52,42,47,-3.9,18,0,0.25,,
22/12/2021,59,47,53,2.2,12,0,0.8,,
23/12/2021,59,53,56,5.2,9,0,1.92,,
24/12/2021,55,48,51.5,0.8,13,0,0.13,,
25/12/2021,55,46,50.5,-0.2,14,0,0.7,,
26/12/2021,52,43,47.5,-3.2,17,0,0.06,,
27/12/2021,52,45,48.5,-2.2,16,0,0.36,,
28/12/2021,49,44,46.5,-4.2,18,0,T,,
29/12/2021,51,45,48,-2.7,17,0,0.82,,
30/12/2021,53,45,49,-1.7,16,0,0,,
31/12/2021,54,41,47.5,-3.2,17,0,0,,
01/01/2022,52,39,45.5,-5.2,19,0,0,,
02/01/2022,53,35,44,-6.7,21,0,0,,
03/01/2022,55,47,51,0.3,14,0,0.27,,
04/01/2022,59,51,55,4.3,10,0,0.15,,
05/01/2022,58,51,54.5,3.8,10,0,0,,
06/01/2022,55,52,53.5,2.8,11,0,0,,
07/01/2022,57,50,53.5,2.7,11,0,T,,
08/01/2022,56,45,50.5,-0.3,14,0,0,,
09/01/2022,57,41,49,-1.8,16,0,0,,
10/01/2022,61,47,54,3.1,11,0,0,,
11/01/2022,60,44,52,1.1,13,0,0,,
12/01/2022,58,44,51,0,14,0,0,,
13/01/2022,58,47,52.5,1.5,12,0,0,,
14/01/2022,62,46,54,3,11,0,0,,
15/01/2022,63,47,55,3.9,10,0,0,,
16/01/2022,59,51,55,3.9,10,0,0,,
17/01/2022,59,48,53.5,2.3,11,0,0,,
18/01/2022,60,45,52.5,1.2,12,0,0,,
19/01/2022,59,45,52,0.7,13,0,0,,
20/01/2022,60,45,52.5,1.1,12,0,0,,
21/01/2022,66,44,55,3.5,10,0,0,,
22/01/2022,63,49,56,4.5,9,0,0,,
23/01/2022,64,43,53.5,1.9,11,0,0,,
24/01/2022,61,42,51.5,-0.2,13,0,0,,
25/01/2022,58,44,51,-0.7,14,0,0,,
26/01/2022,61,44,52.5,0.7,12,0,0,,
27/01/2022,64,41,52.5,0.6,12,0,0,,
28/01/2022,64,43,53.5,1.5,11,0,0,,
29/01/2022,60,44,52,0,13,0,0,,
30/01/2022,58,43,50.5,-1.6,14,0,0,,
31/01/2022,58,45,51.5,-0.7,13,0,0,,
01/02/2022,60,40,50,-2.3,15,0,0,,
02/02/2022,61,48,54.5,2.1,10,0,0,,
03/02/2022,64,42,53,0.5,12,0,0,,
04/02/2022,63,43,53,0.5,12,0,0,,
05/02/2022,60,44,52,-0.6,13,0,0,,
06/02/2022,67,41,54,1.3,11,0,0,,
07/02/2022,68,42,55,2.2,10,0,0,,
08/02/2022,71,44,57.5,4.6,7,0,0,,
09/02/2022,73,48,60.5,7.5,4,0,0,,
10/02/2022,78,52,65,11.9,0,0,0,,
11/02/2022,71,51,61,7.8,4,0,0,,
12/02/2022,73,51,62,8.8,3,0,0,,
13/02/2022,72,49,60.5,7.2,4,0,0,,
14/02/2022,55,49,52,-1.4,13,0,T,,
15/02/2022,60,44,52,-1.5,13,0,0,,
16/02/2022,66,47,56.5,2.9,8,0,0,,
17/02/2022,69,48,58.5,4.8,6,0,0,,
18/02/2022,64,45,54.5,0.7,10,0,0,,
19/02/2022,67,46,56.5,2.6,8,0,0,,
20/02/2022,57,46,51.5,-2.4,13,0,0,,
21/02/2022,56,45,50.5,-3.5,14,0,T,,
22/02/2022,55,43,49,-5.1,16,0,0.01,,
23/02/2022,55,38,46.5,-7.7,18,0,0,,
24/02/2022,56,37,46.5,-7.8,18,0,0,,
25/02/2022,61,38,49.5,-4.8,15,0,0,,
26/02/2022,58,39,48.5,-5.9,16,0,0,,
27/02/2022,67,44,55.5,1,9,0,0,,
28/02/2022,70,45,57.5,2.9,7,0,0,,
01/03/2022,67,48,57.5,2.9,7,0,0,,
02/03/2022,69,50,59.5,4.8,5,0,0,,
03/03/2022,56,50,53,-1.8,12,0,0.12,,
04/03/2022,57,46,51.5,-3.3,13,0,0.09,,
05/03/2022,57,45,51,-3.9,14,0,0,,
06/03/2022,60,43,51.5,-3.5,13,0,0,,
07/03/2022,66,41,53.5,-1.5,11,0,0,,
08/03/2022,73,45,59,3.9,6,0,0,,
09/03/2022,61,46,53.5,-1.6,11,0,0,,
10/03/2022,66,46,56,0.8,9,0,0,,
11/03/2022,70,42,56,0.8,9,0,0,,
12/03/2022,62,42,52,-3.3,13,0,T,,
13/03/2022,63,51,57,1.6,8,0,0,,
14/03/2022,69,45,57,1.6,8,0,0,,
15/03/2022,66,51,58.5,3,6,0,0.02,,
16/03/2022,63,49,56,0.5,9,0,0,,
17/03/2022,61,50,55.5,-0.1,9,0,0,,
18/03/2022,67,46,56.5,0.9,8,0,0,,
19/03/2022,58,50,54,-1.7,11,0,0.07,,
20/03/2022,61,47,54,-1.7,11,0,0,,
21/03/2022,65,49,57,1.2,8,0,0,,
22/03/2022,82,51,66.5,10.7,0,2,0,,
23/03/2022,60,50,55,-0.9,10,0,0,,
24/03/2022,59,48,53.5,-2.4,11,0,0,,
25/03/2022,59,48,53.5,-2.5,11,0,0,,
26/03/2022,66,48,57,1,8,0,0,,
27/03/2022,65,50,57.5,1.4,7,0,0.14,,
28/03/2022,63,52,57.5,1.4,7,0,T,,
29/03/2022,57,52,54.5,-1.7,10,0,0,,
30/03/2022,58,50,54,-2.2,11,0,0,,
31/03/2022,63,48,55.5,-0.8,9,0,0,,
01/04/2022,67,47,57,0.6,8,0,0,,
02/04/2022,73,48,60.5,4.1,4,0,0,,
03/04/2022,63,49,56,-0.5,9,0,0,,
04/04/2022,64,51,57.5,1,7,0,0,,
05/04/2022,67,50,58.5,1.9,6,0,0,,
06/04/2022,83,49,66,9.3,0,1,0,,
07/04/2022,89,56,72.5,15.8,0,8,0,,
08/04/2022,69,51,60,3.2,5,0,0,,
09/04/2022,65,49,57,0.1,8,0,0,,
10/04/2022,63,50,56.5,-0.4,8,0,0,,
11/04/2022,57,47,52,-5,13,0,0.12,,
12/04/2022,58,46,52,-5.1,13,0,0,,
13/04/2022,61,45,53,-4.1,12,0,0,,
14/04/2022,61,50,55.5,-1.7,9,0,0.02,,
15/04/2022,64,47,55.5,-1.8,9,0,0,,
16/04/2022,62,47,54.5,-2.8,10,0,0.4,,
17/04/2022,59,46,52.5,-4.9,12,0,0,,
18/04/2022,68,45,56.5,-1,8,0,T,,
19/04/2022,65,52,58.5,0.9,6,0,0.09,,
20/04/2022,68,52,60,2.3,5,0,0.17,,
21/04/2022,64,54,59,1.3,6,0,0.17,,
22/04/2022,62,51,56.5,-1.3,8,0,T,,
23/04/2022,70,51,60.5,2.6,4,0,0,,
24/04/2022,67,51,59,1,6,0,0,,
25/04/2022,68,50,59,0.9,6,0,0,,
26/04/2022,62,50,56,-2.1,9,0,0,,
27/04/2022,60,50,55,-3.2,10,0,0,,
28/04/2022,60,50,55,-3.3,10,0,0,,
29/04/2022,66,47,56.5,-1.9,8,0,0,,
30/04/2022,64,51,57.5,-1,7,0,0,,
01/05/2022,67,49,58,-0.6,7,0,0,,
02/05/2022,62,51,56.5,-2.2,8,0,0,,
03/05/2022,71,48,59.5,0.7,5,0,0,,
04/05/2022,72,50,61,2.2,4,0,0,,
05/05/2022,65,51,58,-0.9,7,0,0,,
06/05/2022,70,56,63,4,2,0,0,,
07/05/2022,63,51,57,-2.1,8,0,0,,
08/05/2022,61,50,55.5,-3.7,9,0,T,,
09/05/2022,61,48,54.5,-4.8,10,0,0,,
10/05/2022,60,49,54.5,-4.9,10,0,0,,
11/05/2022,62,47,54.5,-5,10,0,0,,
12/05/2022,64,50,57,-2.6,8,0,0,,
13/05/2022,69,53,61,1.3,4,0,0,,
14/05/2022,71,52,61.5,1.7,3,0,0,,
15/05/2022,64,52,58,-1.9,7,0,0,,
16/05/2022,63,55,59,-0.9,6,0,0,,
17/05/2022,66,51,58.5,-1.5,6,0,0,,
18/05/2022,77,50,63.5,3.4,1,0,0,,
19/05/2022,68,53,60.5,0.3,4,0,0,,
20/05/2022,73,50,61.5,1.2,3,0,0,,
21/05/2022,72,50,61,0.6,4,0,0,,
22/05/2022,68,51,59.5,-1,5,0,0,,
23/05/2022,69,52,60.5,-0.1,4,0,0,,
24/05/2022,87,53,70,9.3,0,5,0,,
25/05/2022,81,57,69,8.2,0,4,0,,
26/05/2022,69,55,62,1.1,3,0,0,,
27/05/2022,70,56,63,2,2,0,0,,
28/05/2022,72,54,63,1.9,2,0,0,,
29/05/2022,67,53,60,-1.2,5,0,0,,
30/05/2022,67,50,58.5,-2.7,6,0,0,,
31/05/2022,76,50,63,1.7,2,0,0,,
01/06/2022,72,51,61.5,0.1,3,0,0,,
02/06/2022,71,52,61.5,0,3,0,0,,
03/06/2022,71,56,63.5,1.9,1,0,0,,
04/06/2022,71,57,64,2.3,1,0,0.02,,
05/06/2022,76,57,66.5,4.7,0,2,0.03,,
06/06/2022,68,55,61.5,-0.4,3,0,0,,
07/06/2022,67,54,60.5,-1.5,4,0,0,,
08/06/2022,69,55,62,0,3,0,0,,
09/06/2022,79,55,67,4.9,0,2,0,,
10/06/2022,91,60,75.5,13.3,0,11,0,,
11/06/2022,79,60,69.5,7.2,0,5,0,,
12/06/2022,73,54,63.5,1.1,1,0,0,,
13/06/2022,70,54,62,-0.4,3,0,0,,
14/06/2022,77,54,65.5,3,0,1,0,,
15/06/2022,69,54,61.5,-1.1,3,0,0,,
16/06/2022,67,54,60.5,-2.1,4,0,0,,
17/06/2022,67,56,61.5,-1.2,3,0,0,,
18/06/2022,67,55,61,-1.8,4,0,0,,
19/06/2022,78,53,65.5,2.6,0,1,0,,
20/06/2022,80,53,66.5,3.6,0,2,0,,
21/06/2022,98,61,79.5,16.5,0,15,0,,
22/06/2022,83,59,71,8,0,6,0,,
23/06/2022,74,56,65,1.9,0,0,0,,
24/06/2022,75,54,64.5,1.3,0,0,0,,
25/06/2022,69,55,62,-1.2,3,0,0,,
26/06/2022,68,54,61,-2.3,4,0,0,,
27/06/2022,69,55,62,-1.3,3,0,0,,
28/06/2022,70,54,62,-1.4,3,0,0,,
29/06/2022,67,55,61,-2.4,4,0,0,,
30/06/2022,62,55,58.5,-4.9,6,0,0,,
01/07/2022,67,55,61,-2.5,4,0,0,,
02/07/2022,64,55,59.5,-4,5,0,0,,
03/07/2022,65,56,60.5,-3.1,4,0,0,,
04/07/2022,79,58,68.5,4.9,0,4,0,,
05/07/2022,74,65,69.5,5.9,0,5,0,,
06/07/2022,73,61,67,3.3,0,2,0,,
07/07/2022,70,57,63.5,-0.2,1,0,0,,
08/07/2022,70,57,63.5,-0.2,1,0,0,,
09/07/2022,70,57,63.5,-0.3,1,0,0,,
10/07/2022,81,57,69,5.2,0,4,0,,
11/07/2022,71,58,64.5,0.7,0,0,0,,
12/07/2022,77,57,67,3.1,0,2,0,,
13/07/2022,72,58,65,1.1,0,0,0,,
14/07/2022,69,57,63,-0.9,2,0,0,,
15/07/2022,67,55,61,-2.9,4,0,0,,
16/07/2022,M,M,M,M,M,M,M,,
17/07/2022,M,M,M,M,M,M,M,,
18/07/2022,M,M,M,M,M,M,M,,
19/07/2022,M,M,M,M,M,M,M,,
20/07/2022,M,M,M,M,M,M,M,,
21/07/2022,M,M,M,M,M,M,M,,
22/07/2022,M,M,M,M,M,M,M,,
23/07/2022,M,M,M,M,M,M,M,,
24/07/2022,M,M,M,M,M,M,M,,
25/07/2022,M,M,M,M,M,M,M,,
26/07/2022,M,M,M,M,M,M,M,,
27/07/2022,M,M,M,M,M,M,M,,
28/07/2022,M,M,M,M,M,M,M,,
29/07/2022,M,M,M,M,M,M,M,,
30/07/2022,M,M,M,M,M,M,M,,
31/07/2022,M,M,M,M,M,M,M,,