month,content
2018-02,20
2018-03,40
2018-04,50
2018-05,40
2018-06,30
2018-07,83
2018-08,117
2018-09,89
2018-10,168
2018-11,368
2018-12,142
2019-01,146
2019-02,166
2019-03,193
2019-04,103
2019-05,139
2019-06,125
2019-07,150
2019-08,166
2019-09,263
2019-10,200
2019-11,151
2019-12,126
2020-01,223
2020-02,168
2020-03,133
2020-04,91
2020-05,59
2020-06,55
2020-07,38
2020-08,61
2020-09,281
2020-10,161
2020-11,56
2020-12,46
2021-01,37
2021-02,95
2021-03,52
2021-04,30
2021-05,67
2021-06,44
2021-07,125
2021-08,90
2021-09,67
2021-10,90
2021-11,60
2021-12,54
2022-01,38
2022-02,33
2022-03,44
2022-04,73
2022-05,51
2022-06,128
2022-07,1124
